{"type": "FeatureCollection", "name": "inage_ku_2020", "features": [{"type": "Feature", "geometry": {"type": "Polygon", "coordinates": [[[140.1050734872315, 35.63111640760911], [140.1044549393808, 35.63079330956481], [140.10400934762976, 35.63137565127755], [140.10378278216766, 35.63167556236984], [140.10345474090707, 35.63207744857898], [140.10224229488932, 35.633082432093424], [140.10260308449622, 35.63332379397193], [140.10295192258553, 35.63355595641301], [140.10333403225684, 35.633819238359315], [140.10381583249773, 35.63415299480159], [140.10434025370895, 35.634526930205375], [140.10507832895843, 35.63407208898061], [140.105469072085, 35.633801769720364], [140.10553079172882, 35.63376480376118], [140.10578819477203, 35.633624664019635], [140.1060157471517, 35.63351430608169], [140.10625029303645, 35.63343209825846], [140.10650898658164, 35.63333575277734], [140.10674691508362, 35.63323382029151], [140.1069848340761, 35.63312907084879], [140.10724172385247, 35.633010195300905], [140.107362734279, 35.63295257024722], [140.1076491793733, 35.63283204312683], [140.1081546089451, 35.63252526575937], [140.10794280226528, 35.63201717074565], [140.1069751441596, 35.6318052863037], [140.10606715415685, 35.63161846838538], [140.10566575379653, 35.63153455132199], [140.10567908076771, 35.63136996066712], [140.1053701960743, 35.63124418372924], [140.1050734872315, 35.63111640760911]]]}, "properties": {"key_code": "12103001001", "name": "千葉市稲毛区穴川一丁目", "population": 1468, "households_total": 656, "young_pop": 162, "pop_active": 528, "senior_labor": 224, "pop_senior": 584, "family_hh": 180, "senior_hh": 313, "pop_young": 162, "rate_young": -0.03933943162756326, "rate_active": -0.03592919138229311, "rate_senior": 0.009150011832679716}}, {"type": "Feature", "geometry": {"type": "Polygon", "coordinates": [[[140.11190660205187, 35.63292425822664], [140.1115718247462, 35.63272384619256], [140.11151067495467, 35.632698847837794], [140.1112835004528, 35.63286966050058], [140.11082636208536, 35.6327643371436], [140.10985235627544, 35.63255966382452], [140.10992167812446, 35.63228953806842], [140.10988654837817, 35.6322820825036], [140.1096052377654, 35.6322228997265], [140.10908035129157, 35.632113252426784], [140.10864989661178, 35.63202244041132], [140.10837600311513, 35.631959861214725], [140.10803772804695, 35.63200005706206], [140.10794280226528, 35.63201717074565], [140.1081546089451, 35.63252526575937], [140.1076491793733, 35.63283204312683], [140.107362734279, 35.63295257024722], [140.10724172385247, 35.633010195300905], [140.1069848340761, 35.63312907084879], [140.10674691508362, 35.63323382029151], [140.10650898658164, 35.63333575277734], [140.10625029303645, 35.63343209825846], [140.1060157471517, 35.63351430608169], [140.10578819477203, 35.633624664019635], [140.10553079172882, 35.63376480376118], [140.105469072085, 35.633801769720364], [140.10507832895843, 35.63407208898061], [140.10434025370895, 35.634526930205375], [140.10482999309323, 35.63472567630951], [140.10502812110866, 35.63480800682917], [140.10536723152399, 35.63494058016087], [140.1059144328619, 35.63515478871472], [140.1061416745207, 35.635243917170456], [140.10699166138286, 35.63559172170803], [140.10718595147176, 35.6356727896597], [140.1078769194345, 35.63595943706515], [140.10800722126098, 35.636013468495285], [140.10854971825987, 35.636297982041754], [140.10863866044522, 35.63634523989118], [140.10867071256564, 35.636316437849125], [140.108748099919, 35.63623261034337], [140.10919879997797, 35.63573304909399], [140.10979830166613, 35.63507465003442], [140.10985247339173, 35.635014005244756], [140.11019045573752, 35.63466009101855], [140.11042467487948, 35.63441483016965], [140.11069859545108, 35.63412799491964], [140.111266884207, 35.633554960001234], [140.11160883893217, 35.63321014913121], [140.11170170046157, 35.633132588073714], [140.11190660205187, 35.63292425822664]]]}, "properties": {"key_code": "12103001002", "name": "千葉市稲毛区穴川二丁目", "population": 2061, "households_total": 1066, "young_pop": 311, "pop_active": 738, "senior_labor": 243, "pop_senior": 602, "family_hh": 233, "senior_hh": 325, "pop_young": 311, "rate_young": -0.050508527633602474, "rate_active": -0.03281851220507448, "rate_senior": -0.002963502902992521}}, {"type": "Feature", "geometry": {"type": "Polygon", "coordinates": [[[140.11229977985877, 35.63333447539812], [140.11170170046157, 35.633132588073714], [140.11160883893217, 35.63321014913121], [140.111266884207, 35.633554960001234], [140.11069859545108, 35.63412799491964], [140.11042467487948, 35.63441483016965], [140.11019045573752, 35.63466009101855], [140.10985247339173, 35.635014005244756], [140.10979830166613, 35.63507465003442], [140.10919879997797, 35.63573304909399], [140.108748099919, 35.63623261034337], [140.10867071256564, 35.636316437849125], [140.10863866044522, 35.63634523989118], [140.10764525192042, 35.63718593162044], [140.10750070215846, 35.63732709078396], [140.10771670248675, 35.63748512329552], [140.10813780333578, 35.637793209892536], [140.1083558650902, 35.63793354691048], [140.10870177790625, 35.638090492598835], [140.10904405415857, 35.63819392931938], [140.10974220899107, 35.638355709001594], [140.10996338982102, 35.63840027293502], [140.11024508990184, 35.63847286519874], [140.11105791917663, 35.63883717653502], [140.1118327935795, 35.63920318878724], [140.11197126275786, 35.639295820922996], [140.11215133698374, 35.6394334237734], [140.11224790601224, 35.63939940305668], [140.1121768781359, 35.638853138998506], [140.11212897814536, 35.63849673338013], [140.1120466749296, 35.6381786422607], [140.1120168305014, 35.637559051288605], [140.11200966997626, 35.63717347002746], [140.11199924622085, 35.636984498329106], [140.11195617497404, 35.636528303404056], [140.11176917052765, 35.636173032421944], [140.11174125029765, 35.63608578241158], [140.11170977083532, 35.635967558185875], [140.11174275969543, 35.63589815987777], [140.1118619627261, 35.635536274623725], [140.11189585461008, 35.63535311989883], [140.11198333260717, 35.63468257559921], [140.11199870896266, 35.63455146475868], [140.11211004550657, 35.63410964236551], [140.1120707454366, 35.63404931656976], [140.11219993710284, 35.63362009239059], [140.11229977985877, 35.63333447539812]]]}, "properties": {"key_code": "12103001003", "name": "千葉市稲毛区穴川三丁目", "population": 1052, "households_total": 617, "young_pop": 139, "pop_active": 330, "senior_labor": 120, "pop_senior": 327, "family_hh": 85, "senior_hh": 166, "pop_young": 139, "rate_young": -0.04392247222201984, "rate_active": -0.03677848739783973, "rate_senior": 0.0030864784669069056}}, {"type": "Feature", "geometry": {"type": "Polygon", "coordinates": [[[140.10640250323215, 35.63875817411968], [140.10690603690003, 35.63783986698764], [140.10701917726544, 35.637713833933596], [140.10713552049478, 35.63758423097585], [140.10739385219216, 35.63738929859524], [140.10750070215846, 35.63732709078396], [140.10764525192042, 35.63718593162044], [140.10863866044522, 35.63634523989118], [140.10854971825987, 35.636297982041754], [140.10800722126098, 35.636013468495285], [140.1078769194345, 35.63595943706515], [140.10718595147176, 35.6356727896597], [140.10699166138286, 35.63559172170803], [140.1061416745207, 35.635243917170456], [140.1059144328619, 35.63515478871472], [140.10536723152399, 35.63494058016087], [140.10502812110866, 35.63480800682917], [140.10482999309323, 35.63472567630951], [140.10434025370895, 35.634526930205375], [140.10381583249773, 35.63415299480159], [140.10333403225684, 35.633819238359315], [140.10295192258553, 35.63355595641301], [140.10260308449622, 35.63332379397193], [140.10224229488932, 35.633082432093424], [140.1022187299088, 35.63306470303859], [140.10168901320787, 35.63334450836779], [140.10158463933487, 35.6334009310629], [140.10133315252708, 35.633538444519445], [140.10109595657252, 35.633668215023036], [140.10059199885515, 35.63394799532099], [140.09993028644902, 35.634281460442295], [140.0996058520183, 35.634344137828236], [140.09936431139565, 35.63438138933055], [140.09917965763586, 35.63443238690965], [140.0989796801561, 35.634531407058184], [140.09875917490785, 35.6346896215871], [140.09860414154298, 35.63479699309654], [140.09838294371852, 35.63488320839286], [140.09824902222056, 35.634978034051855], [140.0980269426242, 35.63517568436805], [140.09806207167156, 35.63535869076778], [140.09804935112822, 35.63568545114467], [140.09801135613068, 35.63568553398009], [140.09804609420934, 35.635750241441976], [140.09823132749514, 35.63589348704824], [140.0987147141861, 35.63629806495111], [140.09885670156956, 35.636397710937686], [140.09901235085502, 35.636469300512985], [140.09909149299867, 35.636488737572805], [140.09928360649866, 35.63644870738088], [140.09999754292195, 35.63630863148993], [140.10036092600484, 35.636413457098755], [140.10081121904756, 35.63646788206593], [140.1010236928839, 35.63651934524701], [140.10132144767417, 35.63667800532543], [140.10151082120123, 35.636828666237065], [140.10159156378552, 35.63690723905695], [140.10163211230758, 35.63694669833605], [140.10164608570696, 35.63699736758144], [140.1018559413877, 35.637267303763736], [140.1021681245761, 35.637663762652075], [140.10222504043983, 35.63772559930302], [140.10236465849678, 35.637877287862345], [140.1023799189276, 35.637893872883666], [140.10255140208923, 35.63802013591396], [140.1026724588944, 35.63808042574928], [140.1030598780482, 35.63828377147755], [140.10335919808975, 35.638346374344266], [140.10404536618893, 35.63844423472806], [140.10412214321633, 35.63843350057024], [140.10421877134743, 35.63841920113299], [140.1045202713829, 35.63848823856456], [140.10467565303549, 35.638520881099815], [140.10521815149423, 35.638604163711626], [140.10581936311365, 35.638684494898584], [140.10640250323215, 35.63875817411968]]]}, "properties": {"key_code": "12103001004", "name": "千葉市稲毛区穴川四丁目", "population": 676, "households_total": 307, "young_pop": 101, "pop_active": 285, "senior_labor": 60, "pop_senior": 142, "family_hh": 93, "senior_hh": 72, "pop_young": 101, "rate_young": 0.027939939250535728, "rate_active": -0.020438843073110946, "rate_senior": 0.01938849279650956}}, {"type": "Feature", "geometry": {"type": "Polygon", "coordinates": [[[140.11105791917663, 35.63883717653502], [140.11024508990184, 35.63847286519874], [140.10996338982102, 35.63840027293502], [140.10974220899107, 35.638355709001594], [140.10904405415857, 35.63819392931938], [140.10870177790625, 35.638090492598835], [140.1083558650902, 35.63793354691048], [140.10813780333578, 35.637793209892536], [140.10771670248675, 35.63748512329552], [140.10750070215846, 35.63732709078396], [140.10739385219216, 35.63738929859524], [140.10713552049478, 35.63758423097585], [140.10701917726544, 35.637713833933596], [140.10690603690003, 35.63783986698764], [140.10640250323215, 35.63875817411968], [140.10658564558233, 35.638785927291465], [140.1069296429158, 35.63883246985623], [140.10699738169006, 35.63876545606504], [140.10716574316362, 35.63874799994831], [140.10749698254108, 35.63872858989392], [140.10934268423668, 35.638653981003024], [140.10980037680272, 35.63862090372214], [140.10989354703827, 35.638600975764795], [140.1100279549875, 35.63859609345223], [140.1101973805507, 35.63865204106047], [140.1107473756712, 35.6389071030418], [140.11101861113656, 35.639019325686895], [140.11124311646455, 35.63911193849329], [140.11121451032594, 35.63915643614083], [140.11152588997612, 35.6393743663467], [140.1118510166828, 35.6395167433636], [140.11193788336982, 35.639519080192606], [140.11221581400198, 35.63952386552809], [140.11215133698374, 35.6394334237734], [140.11197126275786, 35.639295820922996], [140.1118327935795, 35.63920318878724], [140.11105791917663, 35.63883717653502]]]}, "properties": {"key_code": "121030020", "name": "千葉市稲毛区穴川町", "population": 143, "households_total": 60, "young_pop": 5, "pop_active": 31, "senior_labor": 19, "pop_senior": 82, "family_hh": 8, "senior_hh": 17, "pop_young": 5, "rate_young": -0.12944943670387588, "rate_active": -0.11154643700534739, "rate_senior": -0.011767983488791933}}, {"type": "Feature", "geometry": {"type": "Polygon", "coordinates": [[[140.11581330713784, 35.65074494242011], [140.11608875599046, 35.6505108336931], [140.11629442591223, 35.650323748346786], [140.11663777706556, 35.650015224189836], [140.1170407901318, 35.649495310426715], [140.1173776641512, 35.649063571912045], [140.1176560656221, 35.64870379558761], [140.11775999574365, 35.64856060691305], [140.11784957319503, 35.64826675932854], [140.11779185238154, 35.64806409489167], [140.11770275862028, 35.64777418727166], [140.11767498175533, 35.6477334101371], [140.11738101981825, 35.64761439028709], [140.1170079917579, 35.64758991204948], [140.1169337111672, 35.64758304328126], [140.11692868837255, 35.64762530503749], [140.11686526597276, 35.647752203206444], [140.11682748624443, 35.64780721700065], [140.11676384202025, 35.64787919008018], [140.11672257185802, 35.64792294533233], [140.11657456022823, 35.64805567419783], [140.11647048538663, 35.64814129674878], [140.1163300427648, 35.64823791919275], [140.11611210527914, 35.64837010766036], [140.1161842441685, 35.64850584294559], [140.11592046654, 35.64861208329296], [140.11585323840325, 35.648647447720286], [140.11570582114544, 35.648706237985664], [140.11555148468716, 35.64876081698843], [140.11520718956376, 35.64880598113507], [140.11493509508637, 35.64876506583342], [140.11479597464836, 35.64873229262852], [140.1145868380791, 35.64867362723074], [140.1144884120112, 35.64866963139905], [140.1137663487482, 35.64882128982251], [140.11358955284646, 35.64887451236278], [140.11319435554742, 35.64893175846923], [140.1129813154494, 35.64898787888322], [140.11260904276816, 35.64869157449671], [140.11241170886882, 35.64855401031556], [140.11207346340996, 35.64844398571209], [140.11185058333024, 35.64841914702594], [140.11147154034825, 35.64805831619116], [140.11163748184075, 35.64786287931251], [140.11163549962836, 35.647789649580915], [140.11168707088675, 35.64772333944534], [140.11156488169433, 35.64759193905623], [140.111502395487, 35.647497721470806], [140.11134912908403, 35.64712626722857], [140.11125950209959, 35.64691874071586], [140.1111508294909, 35.646704214693884], [140.11102645069832, 35.64668478185629], [140.11088423134782, 35.646663734784866], [140.11013020319268, 35.64641244221148], [140.11005137042824, 35.646547882154614], [140.10977011994794, 35.647031072417306], [140.1095737629352, 35.647387411466944], [140.10945525770336, 35.64763784049186], [140.10944111754154, 35.64771508643833], [140.10939455975608, 35.64794017645106], [140.1092969319756, 35.64797983237536], [140.10921161433868, 35.6480060462197], [140.10931508272483, 35.6481636529323], [140.10933709001736, 35.64822208445837], [140.10937004733148, 35.64864553818178], [140.1093365917091, 35.64895545317324], [140.1094021310777, 35.649047234653345], [140.10947136022455, 35.64908932783592], [140.10954396848445, 35.649111696260086], [140.1097407533495, 35.64908026416341], [140.10983044347986, 35.64904625919939], [140.1099099365792, 35.64906297827235], [140.10992798287833, 35.649071915400796], [140.10990395434308, 35.649221826492884], [140.10964773917726, 35.649215199768534], [140.10963339010294, 35.6492170347137], [140.10962457734843, 35.64922336434069], [140.10958553155328, 35.64942715846751], [140.10958555659923, 35.64943436909183], [140.10958888493494, 35.649438868254194], [140.10959773776304, 35.64944425595946], [140.1096054740668, 35.649446041142134], [140.10964599981753, 35.64944434459977], [140.10972351602547, 35.64944110036848], [140.10978765392758, 35.64943841527251], [140.10988666073993, 35.64942979054283], [140.1099667046485, 35.64942448672506], [140.11000906854318, 35.649424390076526], [140.11008353592132, 35.64941971341195], [140.1101433772312, 35.64941031798929], [140.11022961441773, 35.64939746516379], [140.11028922539734, 35.64939045560279], [140.11040994284815, 35.64938588051266], [140.11047716147823, 35.6493868607483], [140.11056321346234, 35.64938990602379], [140.11058367387642, 35.649390628891545], [140.1106168925595, 35.64939563511932], [140.11067966680892, 35.64940835985294], [140.11070845761486, 35.649415950277], [140.11072401977796, 35.64942005282009], [140.11073669562936, 35.64942581842993], [140.11074682916185, 35.649430429062484], [140.11084799417597, 35.649576892464104], [140.11097461203073, 35.649790073160354], [140.11109656033142, 35.65001868685589], [140.11120539382898, 35.650215289254895], [140.11135569729288, 35.65049013694811], [140.1115324441264, 35.650764184121456], [140.111753508769, 35.65104823215088], [140.11205858148912, 35.65097637386693], [140.1132871283325, 35.650798939702085], [140.11352352450794, 35.650763571068346], [140.11402100427907, 35.65070319869514], [140.1142870843006, 35.650645895359546], [140.11438218979288, 35.651161127786345], [140.11443447025195, 35.6512933904934], [140.1144829776096, 35.65133552806218], [140.11457650537187, 35.651402911123405], [140.11480151795436, 35.651543222010204], [140.11486722237547, 35.65156278591103], [140.1149328467104, 35.65155981651878], [140.1150122036351, 35.651531465010265], [140.1150745063335, 35.65146822635213], [140.11523941559315, 35.65132250170617], [140.11560768756198, 35.65095265881988], [140.11581330713784, 35.65074494242011]]]}, "properties": {"key_code": "121030030", "name": "千葉市稲毛区あやめ台", "population": 3109, "households_total": 1837, "young_pop": 178, "pop_active": 982, "senior_labor": 420, "pop_senior": 1502, "family_hh": 219, "senior_hh": 986, "pop_young": 178, "rate_young": -0.006608508588034745, "rate_active": -0.05353928437778588, "rate_senior": -0.007549015549006222}}, {"type": "Feature", "geometry": {"type": "Polygon", "coordinates": [[[140.08821701862928, 35.62905942929085], [140.0881434030592, 35.62901962086416], [140.0875607161898, 35.62964671466818], [140.08683424421358, 35.63033832804124], [140.08615580548306, 35.630928436942234], [140.08485571527441, 35.632066280171294], [140.08440797987072, 35.63245591744836], [140.08370891519164, 35.63308832701252], [140.08408268070082, 35.633341053123075], [140.08427634138735, 35.63342796799341], [140.08435070131702, 35.63346443193824], [140.08463521196106, 35.63359270979568], [140.08488928004763, 35.63368795263681], [140.08538029222402, 35.63378164700821], [140.0854456274833, 35.63383538086782], [140.08554592697828, 35.63410980403681], [140.08559816126044, 35.63424208218068], [140.08568479467058, 35.634340487787014], [140.08581656012078, 35.634506401025355], [140.08597450001375, 35.63475957832117], [140.08607848696195, 35.63488329789663], [140.08630603050673, 35.63502443437932], [140.08647170059353, 35.634700903768774], [140.0866462427488, 35.634414710446016], [140.0869152475426, 35.634070401065024], [140.08731495424018, 35.63372750793653], [140.0874489174656, 35.63362776164101], [140.0878478554005, 35.6333771873541], [140.0883625912473, 35.633132671363164], [140.08863074715316, 35.63300620019306], [140.089747472618, 35.63246409359337], [140.09048408061713, 35.63210999039752], [140.09035960843812, 35.63198086110242], [140.089876102956, 35.631435440210794], [140.0894624390375, 35.63098799596315], [140.08891137319023, 35.630363842857456], [140.0886791196082, 35.6300882914068], [140.08860962915966, 35.62995605110928], [140.08833638409, 35.629280609494806], [140.08821701862928, 35.62905942929085]]]}, "properties": {"key_code": "121030040", "name": "千葉市稲毛区稲丘町", "population": 1500, "households_total": 642, "young_pop": 107, "pop_active": 670, "senior_labor": 155, "pop_senior": 392, "family_hh": 232, "senior_hh": 205, "pop_young": 107, "rate_young": -0.04542511938138449, "rate_active": 0.011746113748023923, "rate_senior": 0.002570728021304536}}, {"type": "Feature", "geometry": {"type": "Polygon", "coordinates": [[[140.085168949534, 35.63612737531764], [140.08542277067323, 35.63612121326943], [140.08592323322932, 35.63615717496598], [140.08596674914912, 35.63592456190495], [140.08605712820108, 35.635549149757324], [140.08616741003112, 35.63527611804949], [140.08630603050673, 35.63502443437932], [140.08607848696195, 35.63488329789663], [140.08597450001375, 35.63475957832117], [140.08581656012078, 35.634506401025355], [140.08568479467058, 35.634340487787014], [140.08559816126044, 35.63424208218068], [140.08554592697828, 35.63410980403681], [140.0854456274833, 35.63383538086782], [140.08538029222402, 35.63378164700821], [140.08488928004763, 35.63368795263681], [140.08463521196106, 35.63359270979568], [140.08435070131702, 35.63346443193824], [140.08427634138735, 35.63342796799341], [140.08408268070085, 35.6333410531231], [140.08370891519164, 35.63308832701254], [140.08337485103132, 35.63338759976133], [140.08310975291184, 35.63364729335061], [140.08279992722973, 35.633969047865676], [140.08276896794, 35.63400573001837], [140.08221826953834, 35.63460684193905], [140.08198929897094, 35.6348298401354], [140.0810264365864, 35.63560925545996], [140.0802792623288, 35.636170237696014], [140.08024772177833, 35.63619392810735], [140.0810123447815, 35.63663739699873], [140.08130126776896, 35.63680862176121], [140.08153653204755, 35.63694333912205], [140.0817301555644, 35.637016173729755], [140.0821137979983, 35.63710551443113], [140.08237293983123, 35.637144411011064], [140.08276986224928, 35.63705908337666], [140.08295447189386, 35.63701363115447], [140.08307705523913, 35.637002108886456], [140.0831561670705, 35.63689490748743], [140.08321822005036, 35.63686379390701], [140.0836860667261, 35.63682620022604], [140.0838344181843, 35.63677237209752], [140.0839136220666, 35.6367017877931], [140.08400815263676, 35.6365607526156], [140.08432198898606, 35.63641644344937], [140.08452888783475, 35.63631461108972], [140.084633432864, 35.63626960385075], [140.08473927059208, 35.63622403820884], [140.08497904181755, 35.636139037413265], [140.085168949534, 35.63612737531764]]]}, "properties": {"key_code": "12103005001", "name": "千葉市稲毛区稲毛一丁目", "population": 856, "households_total": 467, "young_pop": 68, "pop_active": 369, "senior_labor": 76, "pop_senior": 230, "family_hh": 91, "senior_hh": 128, "pop_young": 68, "rate_young": -0.04808552241502684, "rate_active": -0.011008971828283975, "rate_senior": 0.0017482624256952572}}, {"type": "Feature", "geometry": {"type": "Polygon", "coordinates": [[[140.0810123447815, 35.63663739699873], [140.08024772177833, 35.63619392810735], [140.07987734574556, 35.63648199829245], [140.07957601346422, 35.636719718543155], [140.07932609872958, 35.63691691023642], [140.0791685307349, 35.63703856505418], [140.07852501597017, 35.637535420072396], [140.07827398670287, 35.63772948097034], [140.07778565015667, 35.638106971332185], [140.0778904157478, 35.63816358511091], [140.0781102717948, 35.63833087406354], [140.0782130808926, 35.63840333633535], [140.07865273116093, 35.63873044836104], [140.0788204129721, 35.63883140259125], [140.07896093104623, 35.638879527715986], [140.0791163027472, 35.63892547445235], [140.0792972841497, 35.63896031214778], [140.0795592488699, 35.63899720257236], [140.07993998882952, 35.639038248801405], [140.0804004151477, 35.639085713797996], [140.08064740188019, 35.6391112589797], [140.08089394912568, 35.63928045945496], [140.08093215244472, 35.6393465747825], [140.08094758034974, 35.639592303956015], [140.0810980688116, 35.63968353803704], [140.08127267745283, 35.63975641261427], [140.08123108284698, 35.639236807396436], [140.08126862699618, 35.63909025867027], [140.08132007795245, 35.638977482188686], [140.08116581895206, 35.63879752902731], [140.0812517493125, 35.63866214727783], [140.08135490829164, 35.638512646066715], [140.08161293166262, 35.638191002298456], [140.08179886206023, 35.63800752824833], [140.08183667625252, 35.637948298083664], [140.08190182434717, 35.6377960584171], [140.08195828338071, 35.637629752968245], [140.08221326691486, 35.637440501559446], [140.08241285537545, 35.63720629665624], [140.08237293983123, 35.637144411011064], [140.0821137979983, 35.63710551443113], [140.0817301555644, 35.637016173729755], [140.08153653204755, 35.63694333912205], [140.08130126776896, 35.63680862176121], [140.0810123447815, 35.63663739699873]]]}, "properties": {"key_code": "12103005002", "name": "千葉市稲毛区稲毛二丁目", "population": 736, "households_total": 367, "young_pop": 78, "pop_active": 300, "senior_labor": 92, "pop_senior": 260, "family_hh": 77, "senior_hh": 144, "pop_young": 78, "rate_young": 0.04698529649644878, "rate_active": -0.03310663433375016, "rate_senior": -0.017503523425764778}}, {"type": "Feature", "geometry": {"type": "Polygon", "coordinates": [[[140.08517822181224, 35.64036117380303], [140.08524258592635, 35.63996806909883], [140.08527141722146, 35.63980322810429], [140.08536549920504, 35.639253097047366], [140.085478967795, 35.63855286389916], [140.08554504018736, 35.638155599872476], [140.08555334981057, 35.638055587464876], [140.0855670091441, 35.63800341447482], [140.0856574635479, 35.637944812771906], [140.0857117161317, 35.63790878594683], [140.0857689729967, 35.63748629526219], [140.08587557584733, 35.6367037571307], [140.0859179055121, 35.63619116243372], [140.08592323322932, 35.63615717496598], [140.08542277067323, 35.63612121326943], [140.085168949534, 35.63612737531764], [140.08497904181755, 35.636139037413265], [140.08473927059208, 35.63622403820884], [140.084633432864, 35.63626960385075], [140.08452888783475, 35.63631461108972], [140.08432198898606, 35.63641644344937], [140.08400815263676, 35.6365607526156], [140.0839136220666, 35.6367017877931], [140.0838344181843, 35.63677237209752], [140.0836860667261, 35.63682620022604], [140.08321822005036, 35.63686379390701], [140.0831561670705, 35.63689490748743], [140.08307705523913, 35.637002108886456], [140.08295447189386, 35.63701363115447], [140.08276986224928, 35.63705908337666], [140.08237293983123, 35.637144411011064], [140.08241285537545, 35.63720629665624], [140.08221326691486, 35.637440501559446], [140.08195828338071, 35.637629752968245], [140.08190182434717, 35.6377960584171], [140.08183667625252, 35.637948298083664], [140.08179886206023, 35.63800752824833], [140.08161293166262, 35.638191002298456], [140.08135490829164, 35.638512646066715], [140.0812517493125, 35.63866214727783], [140.08116581895206, 35.63879752902731], [140.08132007795245, 35.638977482188686], [140.08126862699618, 35.63909025867027], [140.08123108284698, 35.639236807396436], [140.08127267745283, 35.63975641261427], [140.0813388496578, 35.63977236589504], [140.0816556224302, 35.63994969369923], [140.08188425166173, 35.64000066086988], [140.08210227296456, 35.63993486006578], [140.08263452909637, 35.63977105247089], [140.0829201847369, 35.64006523117997], [140.08298976047172, 35.64002519353691], [140.08329518941244, 35.64037978522678], [140.08371100722997, 35.64084790605363], [140.0839483960843, 35.641119227058816], [140.0843590812864, 35.64159158328016], [140.08445087143835, 35.64168152806136], [140.08470876189568, 35.64188661309575], [140.08489256514167, 35.642034213877245], [140.0848899039618, 35.642010981266104], [140.0849908215495, 35.64143823201375], [140.0850823503366, 35.640898668481576], [140.08517822181224, 35.64036117380303]]]}, "properties": {"key_code": "12103005003", "name": "千葉市稲毛区稲毛三丁目", "population": 2111, "households_total": 1073, "young_pop": 187, "pop_active": 941, "senior_labor": 203, "pop_senior": 526, "family_hh": 240, "senior_hh": 282, "pop_young": 187, "rate_young": -0.008343189133410922, "rate_active": -0.005436241044046719, "rate_senior": 0.0015278910089135955}}, {"type": "Feature", "geometry": {"type": "Polygon", "coordinates": [[[140.09349583642228, 35.63555258005182], [140.09395379240328, 35.634965372083236], [140.09419390638942, 35.635075656555045], [140.09444366644865, 35.63471810370762], [140.09621442641864, 35.6323383058631], [140.09696720408613, 35.63131985815448], [140.09666038983727, 35.63119729227495], [140.0965247886332, 35.63114854054779], [140.09647015289582, 35.631334559153224], [140.0964085692696, 35.63151214279339], [140.09618343025446, 35.63183654731896], [140.0959085162427, 35.632251192949326], [140.09575723519916, 35.63218201783779], [140.09551421849397, 35.63206614391005], [140.09507929448864, 35.631853928820355], [140.09471957968938, 35.63168570208444], [140.0943095898972, 35.63148107119224], [140.09427189789835, 35.63146224454259], [140.09393713200092, 35.63130221935805], [140.09391172083383, 35.63129007238321], [140.09386522337786, 35.631267849756135], [140.09373622317415, 35.631200138772314], [140.09342104282328, 35.63105846413829], [140.09305053128458, 35.6313156102288], [140.09291625567388, 35.63140881267182], [140.0924663415621, 35.631718693701295], [140.09198218289382, 35.63204927889758], [140.09191156092902, 35.63210294652652], [140.0917068620855, 35.63230537475383], [140.09167747934296, 35.63233441407213], [140.0915071711844, 35.632529128697406], [140.09142984452635, 35.63265041132047], [140.09124415027932, 35.632895859192004], [140.09119896781127, 35.63296056334697], [140.09118128071367, 35.63298591605579], [140.09101961735348, 35.6331946956061], [140.09093022800695, 35.63331318705449], [140.09070674387587, 35.63362349914846], [140.09059345982894, 35.63377598254943], [140.09040071065158, 35.634035387696436], [140.09012491778515, 35.63441619291107], [140.09044664304704, 35.63457888000488], [140.09120932215058, 35.63494906440973], [140.09202914267473, 35.63535577290654], [140.09220965418987, 35.6351075177059], [140.09230592079348, 35.634974891925374], [140.0931291894566, 35.635378732597744], [140.09349583642228, 35.63555258005182]]]}, "properties": {"key_code": "121030060", "name": "千葉市稲毛区稲毛台町", "population": 2667, "households_total": 1222, "young_pop": 328, "pop_active": 1210, "senior_labor": 214, "pop_senior": 569, "family_hh": 403, "senior_hh": 314, "pop_young": 328, "rate_young": 0.03968556893457098, "rate_active": -0.01873401200974467, "rate_senior": 0.0007044741051200898}}, {"type": "Feature", "geometry": {"type": "Polygon", "coordinates": [[[140.08454338519903, 35.6447515908956], [140.0844134942452, 35.64462369951578], [140.08413893709553, 35.64653755645402], [140.0840583423504, 35.64702685605513], [140.08398635689335, 35.64722872187861], [140.08383659871916, 35.647506873215264], [140.08353689344227, 35.64796286335466], [140.0833429313193, 35.648217551275536], [140.08305084511196, 35.6484838161459], [140.08279234352528, 35.648661810605866], [140.0826872426677, 35.648724843725304], [140.08272427793324, 35.648759870513985], [140.08283358713126, 35.64886326449009], [140.0830736768401, 35.649108280082956], [140.08320341685837, 35.64924064317174], [140.08325025401058, 35.649292620314135], [140.0834221992786, 35.649479259094804], [140.08365096667742, 35.64929660733574], [140.0839460842922, 35.64904022854256], [140.0840181342474, 35.64898215818027], [140.08427313603812, 35.648747974319086], [140.08432713813346, 35.64869839271462], [140.08469454486135, 35.64833109323583], [140.08508078109278, 35.647889813995505], [140.085318060035, 35.64755693922146], [140.08537307351662, 35.647472321121256], [140.085472807083, 35.6473369075471], [140.08576718551387, 35.646857476069215], [140.08593351738634, 35.64666027107654], [140.0860057386297, 35.64656156800573], [140.0861294618592, 35.64636691645768], [140.08605155354655, 35.64633169420507], [140.08595349727892, 35.646294261382614], [140.08540694521767, 35.64604190041122], [140.08522361352425, 35.64595778189781], [140.08511662404925, 35.64590571991615], [140.08506795722553, 35.64588205541884], [140.084926455997, 35.645788236634594], [140.08490700510745, 35.6457753554508], [140.08481341712846, 35.64567133113026], [140.08477169942353, 35.64558691558653], [140.08475600903324, 35.64554886052319], [140.08471251791764, 35.64544338457665], [140.0846599943884, 35.645215336808285], [140.0846299582779, 35.64499850904762], [140.08458456814895, 35.644843682385364], [140.08454338519903, 35.6447515908956]]]}, "properties": {"key_code": "12103007001", "name": "千葉市稲毛区稲毛町四丁目", "population": 186, "households_total": 172, "young_pop": 7, "pop_active": 76, "senior_labor": 58, "pop_senior": 100, "family_hh": 2, "senior_hh": 4, "pop_young": 7, "rate_young": 0.11842691472014466, "rate_active": 0.07475022457181746, "rate_senior": 0.04827343874993084}}, {"type": "Feature", "geometry": {"type": "Polygon", "coordinates": [[[140.0840583423504, 35.64702685605513], [140.08413893709553, 35.64653755645402], [140.0844134942452, 35.64462369951578], [140.08456958810993, 35.64375018181266], [140.08473079946037, 35.6428513027456], [140.08489256514167, 35.642034213877245], [140.08470876189568, 35.64188661309575], [140.08445087143835, 35.64168152806136], [140.0843590812864, 35.64159158328016], [140.0839483960843, 35.641119227058816], [140.08371100722997, 35.64084790605363], [140.08329518941244, 35.64037978522678], [140.08298976047172, 35.64002519353691], [140.0829201847369, 35.64006523117997], [140.08263452909637, 35.63977105247089], [140.08210227296456, 35.63993486006578], [140.08188425166173, 35.64000066086988], [140.0816556224302, 35.63994969369923], [140.0813388496578, 35.63977236589504], [140.08127267745283, 35.63975641261427], [140.0810980688116, 35.63968353803704], [140.08094758034974, 35.639592303956015], [140.08093215244472, 35.6393465747825], [140.08089394912568, 35.63928045945496], [140.08064740188019, 35.6391112589797], [140.0804004151477, 35.639085713797996], [140.07993998882952, 35.639038248801405], [140.0795592488699, 35.63899720257236], [140.0792972841497, 35.63896031214778], [140.0791163027472, 35.63892547445235], [140.07896093104623, 35.638879527715986], [140.0788204129721, 35.63883140259125], [140.07865273116093, 35.63873044836104], [140.0782130808926, 35.63840333633535], [140.0781102717948, 35.63833087406354], [140.0778904157478, 35.63816358511091], [140.07787870745955, 35.638178044301014], [140.07756002701564, 35.63857145651009], [140.0775410144472, 35.63859490784501], [140.07742481837738, 35.63872186313262], [140.07742436700673, 35.63872235698327], [140.07740388445632, 35.63873806742017], [140.0771391863977, 35.638943242530914], [140.07702368878876, 35.63900262915845], [140.076936801993, 35.63904541132237], [140.07691359127517, 35.63905739282166], [140.0768057664908, 35.639101449209676], [140.07667868644288, 35.63915339243419], [140.07648699727343, 35.63928423222611], [140.07616551008277, 35.63953110322258], [140.07586082016135, 35.639756003919786], [140.07475313790383, 35.640651150211795], [140.07380473169874, 35.641421607279234], [140.07394120320956, 35.641593296675524], [140.0740875382546, 35.64180263960284], [140.07421942620257, 35.64199134291061], [140.0747391701596, 35.642722934891324], [140.07489255894444, 35.642903073996024], [140.07499464610336, 35.64310567429481], [140.0749951434549, 35.64310655352678], [140.07502784146763, 35.64309272018127], [140.07504246472618, 35.64308656426198], [140.07504270448237, 35.643086951631915], [140.07514643869627, 35.64324958582026], [140.0751422804826, 35.64325153017467], [140.07507853277198, 35.64328116476971], [140.07512230384657, 35.643391880419216], [140.07529737902667, 35.643732142163174], [140.07533357573394, 35.643798333697525], [140.07544040867936, 35.64399363565589], [140.07544235056127, 35.64399391285856], [140.07550809424006, 35.644003357002056], [140.07570531557175, 35.64434818633907], [140.07581392241278, 35.644538062660764], [140.07597363242076, 35.644773923962326], [140.0763642091533, 35.64502639394716], [140.07646180555778, 35.64513404361587], [140.07644474389647, 35.64532558329924], [140.0769623966133, 35.6456740597701], [140.07700369230514, 35.64570185998867], [140.07730932111468, 35.645586771816106], [140.0773108162534, 35.64558905739639], [140.07739079312617, 35.64571121270472], [140.0774553889734, 35.64580837186111], [140.07732458422223, 35.645861641324736], [140.0773595499962, 35.64591834340689], [140.07735655528134, 35.64591982940791], [140.07733282622573, 35.64593177801445], [140.07749864141292, 35.64605211843963], [140.07759844428384, 35.64600638080891], [140.0776693699462, 35.64608916251703], [140.07760325302525, 35.64612804435275], [140.07772564513368, 35.6462168794852], [140.07808864392808, 35.64650281454847], [140.07813759295163, 35.64654137523452], [140.0784332158645, 35.64670773422374], [140.0786201459126, 35.64680650318265], [140.0786654277965, 35.64681003743696], [140.0786888019579, 35.64680826321056], [140.07872161985796, 35.64680573079033], [140.0787957068743, 35.64680614240547], [140.0789365517069, 35.646822262024315], [140.0790877320288, 35.64683959289059], [140.07926271940556, 35.64687007664453], [140.0794475675837, 35.646915680274795], [140.07949689496482, 35.646936951156896], [140.07974281641177, 35.64704306025594], [140.08007026575137, 35.64720530160861], [140.08011068068905, 35.64722532248582], [140.08013341214001, 35.64723844459109], [140.08026129924212, 35.64731219104041], [140.08093663922048, 35.64770176415707], [140.08129175487036, 35.647916019741054], [140.08158451086672, 35.64809265772891], [140.08161263380669, 35.64809935968299], [140.0816138869836, 35.64809963931246], [140.0817597238172, 35.64813894717415], [140.08190938165245, 35.648179303762966], [140.08224153488075, 35.64838001315743], [140.08249072694838, 35.64855695112741], [140.08249576451763, 35.64856127087046], [140.08267212663162, 35.64871191808766], [140.0826872426677, 35.648724843725304], [140.08279234352528, 35.648661810605866], [140.08305084511196, 35.6484838161459], [140.0833429313193, 35.648217551275536], [140.08353689344227, 35.64796286335466], [140.08383659871916, 35.647506873215264], [140.08398635689335, 35.64722872187861], [140.0840583423504, 35.64702685605513]]]}, "properties": {"key_code": "12103007002", "name": "千葉市稲毛区稲毛町五丁目", "population": 4520, "households_total": 1820, "young_pop": 540, "pop_active": 2273, "senior_labor": 330, "pop_senior": 939, "family_hh": 670, "senior_hh": 455, "pop_young": 540, "rate_young": 0.07280807218764251, "rate_active": 0.030917529836240742, "rate_senior": 0.020115469156925414}}, {"type": "Feature", "geometry": {"type": "Polygon", "coordinates": [[[140.09291625567388, 35.63140881267182], [140.09255852189116, 35.63104527130153], [140.09245436894628, 35.63111781249518], [140.09200247581103, 35.63137565750591], [140.091430297841, 35.63166058533914], [140.090905318478, 35.631911857675256], [140.09077740351012, 35.63197282877686], [140.0905940250023, 35.63206025399609], [140.09048408061713, 35.63210999039752], [140.089747472618, 35.63246409359337], [140.08863074715316, 35.63300620019306], [140.0883625912473, 35.633132671363164], [140.0878478554005, 35.6333771873541], [140.0874489174656, 35.63362776164101], [140.08731495424018, 35.63372750793653], [140.0869152475426, 35.634070401065024], [140.0874249004372, 35.634396567655074], [140.08829895453147, 35.63503409320342], [140.08928657857973, 35.63554187119552], [140.08957197802764, 35.63515534237058], [140.08985157458807, 35.634788577830676], [140.09012491778515, 35.63441619291107], [140.09040071065158, 35.634035387696436], [140.09059345982894, 35.63377598254943], [140.09070674387587, 35.63362349914846], [140.09093022800695, 35.63331318705449], [140.09101961735348, 35.6331946956061], [140.09118128071367, 35.63298591605579], [140.09119896781127, 35.63296056334697], [140.09124415027932, 35.632895859192004], [140.09142984452635, 35.63265041132047], [140.0915071711844, 35.632529128697406], [140.09167747934296, 35.63233441407213], [140.0917068620855, 35.63230537475383], [140.09191156092902, 35.63210294652652], [140.09198218289382, 35.63204927889758], [140.0924663415621, 35.631718693701295], [140.09291625567388, 35.63140881267182]]]}, "properties": {"key_code": "12103008001", "name": "千葉市稲毛区稲毛東一丁目", "population": 1330, "households_total": 572, "young_pop": 159, "pop_active": 586, "senior_labor": 169, "pop_senior": 369, "family_hh": 185, "senior_hh": 196, "pop_young": 159, "rate_young": 0.04270506415417863, "rate_active": -0.018393719061812197, "rate_senior": 0.019521319406136994}}, {"type": "Feature", "geometry": {"type": "Polygon", "coordinates": [[[140.08804305123496, 35.63849829573116], [140.08778120612456, 35.63805989425182], [140.08885581764892, 35.6376773670881], [140.0886333582157, 35.637235609877365], [140.0885151247489, 35.636982353326786], [140.0882505303252, 35.63663409387882], [140.08871052575213, 35.63630075011248], [140.08901331420208, 35.635948055996856], [140.08928657857973, 35.63554187119552], [140.08829895453147, 35.63503409320342], [140.0874249004372, 35.634396567655074], [140.0869152475426, 35.634070401065024], [140.0866462427488, 35.634414710446016], [140.08647170059353, 35.634700903768774], [140.08630603050673, 35.63502443437932], [140.08616741003112, 35.63527611804949], [140.08605712820108, 35.635549149757324], [140.08596674914912, 35.63592456190495], [140.08592323322932, 35.63615717496598], [140.0859179055121, 35.63619116243372], [140.08587557584733, 35.6367037571307], [140.0857689729967, 35.63748629526219], [140.0857117161317, 35.63790878594683], [140.0856574635479, 35.637944812771906], [140.0855670091441, 35.63800341447482], [140.08555334981057, 35.638055587464876], [140.08554504018736, 35.638155599872476], [140.08587640454533, 35.63814550618419], [140.0862718634736, 35.63813584131344], [140.0863385526543, 35.63814496226144], [140.08659665184823, 35.638180228742115], [140.08683167157125, 35.63822762040857], [140.08694052853247, 35.63825274259527], [140.08724818963026, 35.63833659849075], [140.0874383805503, 35.638412250500636], [140.08761826934642, 35.63851045776796], [140.0877845309915, 35.63865657797112], [140.08787576126556, 35.63873268464005], [140.0881641341519, 35.63910363860985], [140.08811837157808, 35.63883332850547], [140.0880417043722, 35.638616601518834], [140.08804305123496, 35.63849829573116]]]}, "properties": {"key_code": "12103008002", "name": "千葉市稲毛区稲毛東二丁目", "population": 1103, "households_total": 653, "young_pop": 70, "pop_active": 460, "senior_labor": 129, "pop_senior": 294, "family_hh": 104, "senior_hh": 154, "pop_young": 70, "rate_young": -0.05924857043676224, "rate_active": -0.010120126828566667, "rate_senior": -0.013076394954428583}}, {"type": "Feature", "geometry": {"type": "Polygon", "coordinates": [[[140.0920639214303, 35.63809583049718], [140.09293157180232, 35.63688686446768], [140.09356602113584, 35.6359608842672], [140.09368165432377, 35.635782656053], [140.093926545118, 35.635445570710196], [140.09404637232888, 35.63527743824645], [140.09419390638942, 35.635075656555045], [140.09395379240328, 35.634965372083236], [140.09349583642228, 35.63555258005182], [140.0931291894566, 35.635378732597744], [140.09230592079348, 35.634974891925374], [140.09220965418987, 35.6351075177059], [140.09202914267473, 35.63535577290654], [140.09120932215058, 35.63494906440973], [140.09044664304704, 35.63457888000488], [140.09012491778515, 35.63441619291107], [140.08985157458807, 35.634788577830676], [140.08957197802764, 35.63515534237058], [140.08928657857973, 35.63554187119552], [140.08901331420208, 35.635948055996856], [140.08871052575213, 35.63630075011248], [140.0882505303252, 35.63663409387882], [140.0885151247489, 35.636982353326786], [140.0886333582157, 35.637235609877365], [140.08885581764892, 35.6376773670881], [140.0895200373717, 35.63761909797691], [140.09013261672416, 35.63761779777435], [140.09044818784656, 35.637639590163275], [140.0907052313369, 35.637667808802604], [140.091690544786, 35.63797836244024], [140.0920639214303, 35.63809583049718]]]}, "properties": {"key_code": "12103008003", "name": "千葉市稲毛区稲毛東三丁目", "population": 1792, "households_total": 1023, "young_pop": 137, "pop_active": 813, "senior_labor": 157, "pop_senior": 426, "family_hh": 176, "senior_hh": 232, "pop_young": 137, "rate_young": -0.005739260069075325, "rate_active": -0.010023498385165364, "rate_senior": 0.0}}, {"type": "Feature", "geometry": {"type": "Polygon", "coordinates": [[[140.09013261672416, 35.63761779777435], [140.0895200373717, 35.63761909797691], [140.08885581764892, 35.6376773670881], [140.08778120612456, 35.63805989425182], [140.08804305123496, 35.63849829573116], [140.0880417043722, 35.638616601518834], [140.08811837157808, 35.63883332850547], [140.0881641341519, 35.63910363860985], [140.0881868179342, 35.63917682586377], [140.08834212049197, 35.63967787678932], [140.08835615199592, 35.639739901683775], [140.08839816534916, 35.63992563102051], [140.08839555593835, 35.64001902119767], [140.08839352027212, 35.64009182819224], [140.08837420343357, 35.640352017038914], [140.08837365101155, 35.64035945999797], [140.08834817646726, 35.6406922444953], [140.0883421645448, 35.64077076983482], [140.08831315524515, 35.641038738951046], [140.08830190227502, 35.64114266394581], [140.08829019969608, 35.64126765708618], [140.08828851246446, 35.64128568555527], [140.08828686620646, 35.64130324961659], [140.08825128322084, 35.64156904141903], [140.0882008631021, 35.64194564699893], [140.08817887613472, 35.64209779717241], [140.08818426679966, 35.642162031526546], [140.08819683423917, 35.64231183101403], [140.08820912929735, 35.642349375949784], [140.08836704166563, 35.642831651672715], [140.08844121319214, 35.64312253299487], [140.0885357434296, 35.64298149604394], [140.08867880378006, 35.64276814219245], [140.08892465545972, 35.64241962343622], [140.0894987287751, 35.641605802913624], [140.08955383583395, 35.64152692298228], [140.0895631527593, 35.64151314576427], [140.09000404908312, 35.64086111172021], [140.09008966179996, 35.64073973370048], [140.09045829328122, 35.640217085361705], [140.09083120367933, 35.63970005465137], [140.09110945571524, 35.63934902488769], [140.09139023254448, 35.638986617362875], [140.09168886614634, 35.63857843360853], [140.0920639214303, 35.63809583049718], [140.091690544786, 35.63797836244024], [140.0907052313369, 35.637667808802604], [140.09044818784656, 35.637639590163275], [140.09013261672416, 35.63761779777435]]]}, "properties": {"key_code": "12103008004", "name": "千葉市稲毛区稲毛東四丁目", "population": 3613, "households_total": 1399, "young_pop": 221, "pop_active": 1887, "senior_labor": 238, "pop_senior": 487, "family_hh": 655, "senior_hh": 250, "pop_young": 221, "rate_young": 0.02960769875410363, "rate_active": 0.005494836375650625, "rate_senior": 0.049767491408834186}}, {"type": "Feature", "geometry": {"type": "Polygon", "coordinates": [[[140.0863385526543, 35.63814496226144], [140.0862718634736, 35.63813584131344], [140.08587640454533, 35.63814550618419], [140.08554504018736, 35.638155599872476], [140.085478967795, 35.63855286389916], [140.08536549920504, 35.639253097047366], [140.08527141722146, 35.63980322810429], [140.08524258592635, 35.63996806909883], [140.08517822181224, 35.64036117380303], [140.0850823503366, 35.640898668481576], [140.0849908215495, 35.64143823201375], [140.0848899039618, 35.642010981266104], [140.08600479712607, 35.64176743035928], [140.0862239573423, 35.64171345258027], [140.0866398596317, 35.641622443483094], [140.08828686620646, 35.64130324961659], [140.08828851246446, 35.64128568555527], [140.08829019969608, 35.64126765708618], [140.08830190227502, 35.64114266394581], [140.08831315524515, 35.641038738951046], [140.0883421645448, 35.64077076983482], [140.08834817646726, 35.6406922444953], [140.08837365101155, 35.64035945999797], [140.08837420343357, 35.640352017038914], [140.08839352027212, 35.64009182819224], [140.08839555593835, 35.64001902119767], [140.08839816534916, 35.63992563102051], [140.08835615199592, 35.639739901683775], [140.08834212049197, 35.63967787678932], [140.0881868179342, 35.63917682586377], [140.0881641341519, 35.63910363860985], [140.08787576126556, 35.63873268464005], [140.0877845309915, 35.63865657797112], [140.08761826934642, 35.63851045776796], [140.0874383805503, 35.638412250500636], [140.08724818963026, 35.63833659849075], [140.08694052853247, 35.63825274259527], [140.08683167157125, 35.63822762040857], [140.08659665184823, 35.638180228742115], [140.0863385526543, 35.63814496226144]]]}, "properties": {"key_code": "12103008005", "name": "千葉市稲毛区稲毛東五丁目", "population": 1400, "households_total": 763, "young_pop": 161, "pop_active": 615, "senior_labor": 144, "pop_senior": 442, "family_hh": 128, "senior_hh": 243, "pop_young": 161, "rate_young": 0.09344698208082014, "rate_active": -0.00793751196403858, "rate_senior": -0.002693037318906133}}, {"type": "Feature", "geometry": {"type": "Polygon", "coordinates": [[[140.08825128322084, 35.64156904141903], [140.08828686620646, 35.64130324961659], [140.0866398596317, 35.641622443483094], [140.0862239573423, 35.64171345258027], [140.08600479712607, 35.64176743035928], [140.0848899039618, 35.642010981266104], [140.08489256514167, 35.642034213877245], [140.08473079946037, 35.6428513027456], [140.08456958810993, 35.64375018181266], [140.0844134942452, 35.64462369951578], [140.08454338519903, 35.6447515908956], [140.08458456814895, 35.644843682385364], [140.0846299582779, 35.64499850904762], [140.0846599943884, 35.645215336808285], [140.08471251791764, 35.64544338457665], [140.08475600903324, 35.64554886052319], [140.08477169942353, 35.64558691558653], [140.08481341712846, 35.64567133113026], [140.08490700510745, 35.6457753554508], [140.084926455997, 35.645788236634594], [140.08506795722553, 35.64588205541884], [140.08511662404925, 35.64590571991615], [140.08522361352425, 35.64595778189781], [140.08540694521767, 35.64604190041122], [140.08595349727892, 35.646294261382614], [140.08605155354655, 35.64633169420507], [140.0861294618592, 35.64636691645768], [140.087471439418, 35.64453921920561], [140.0875092570964, 35.644488438058694], [140.08835674187864, 35.64325291543113], [140.08844121319214, 35.64312253299487], [140.08836704166563, 35.642831651672715], [140.08820912929735, 35.642349375949784], [140.08819683423917, 35.64231183101403], [140.08818426679966, 35.642162031526546], [140.08817887613472, 35.64209779717241], [140.0882008631021, 35.64194564699893], [140.08825128322084, 35.64156904141903]]]}, "properties": {"key_code": "12103008006", "name": "千葉市稲毛区稲毛東六丁目", "population": 2290, "households_total": 1036, "young_pop": 239, "pop_active": 1026, "senior_labor": 324, "pop_senior": 802, "family_hh": 314, "senior_hh": 424, "pop_young": 239, "rate_young": -0.009750034619083525, "rate_active": -0.0072471407402715515, "rate_senior": 0.005063550122145655}}, {"type": "Feature", "geometry": {"type": "Polygon", "coordinates": [[[140.11158128515396, 35.651595350426994], [140.11131546812103, 35.651349253416335], [140.11087966984795, 35.65067149779621], [140.1108793247138, 35.65057291386179], [140.11056817477012, 35.650004651299014], [140.1104574042461, 35.64993167019366], [140.11032252388262, 35.64988409443925], [140.1101704365541, 35.64985627478307], [140.11003918476015, 35.649853757765065], [140.10985268229206, 35.64986545022304], [140.10970423351375, 35.649885505786045], [140.1096128071557, 35.64991669807717], [140.1094541194034, 35.649976210723096], [140.1093713290327, 35.65001019990832], [140.10930218855492, 35.64999345706256], [140.10922604837475, 35.64994856314484], [140.10917733930887, 35.649847273063585], [140.10904542989692, 35.649661672213945], [140.10890343989664, 35.64955496239552], [140.10862453607635, 35.649449798753594], [140.10856746889272, 35.6498309598715], [140.10827289706805, 35.65065334209969], [140.10817018268037, 35.650915531773336], [140.10803488529848, 35.65124821380001], [140.10798171200588, 35.65138403016554], [140.10768361349892, 35.65138087256682], [140.10752961982297, 35.65175926284437], [140.1074185074493, 35.6520327380204], [140.10716618934336, 35.652653695573285], [140.1074715659269, 35.65273971905341], [140.10792695676793, 35.65286817793189], [140.10824506184323, 35.652954804055334], [140.10842833916342, 35.653010718957255], [140.10870262794577, 35.653094064069656], [140.10923914397563, 35.65322856387247], [140.10947079936477, 35.6532900029509], [140.10975090329973, 35.65337664658585], [140.10999812180938, 35.65344090125245], [140.110091467765, 35.65346322148058], [140.11030559506068, 35.6535636058129], [140.11061022344668, 35.653687266769545], [140.11111072308282, 35.65391990769078], [140.11131969291444, 35.65401248556777], [140.11153278579965, 35.65370493330051], [140.11178242433235, 35.653467750538006], [140.11215411564163, 35.6530754027966], [140.11226798603658, 35.65294201639657], [140.112283046692, 35.652924940617154], [140.11200523316842, 35.652736158129635], [140.11189353852217, 35.65264839377758], [140.1118463209373, 35.65261086444358], [140.11164591934542, 35.65245179515256], [140.11166643992368, 35.65239259719965], [140.11156868490798, 35.652312229344744], [140.1116120252878, 35.652166823044716], [140.1116530141249, 35.652034378989434], [140.1116870610637, 35.65189624709839], [140.11168305484574, 35.65176890623865], [140.11158128515396, 35.651595350426994]]]}, "properties": {"key_code": "121030090", "name": "千葉市稲毛区柏台", "population": 2678, "households_total": 1304, "young_pop": 160, "pop_active": 933, "senior_labor": 336, "pop_senior": 1393, "family_hh": 283, "senior_hh": 855, "pop_young": 160, "rate_young": -0.03879266942461668, "rate_active": -0.021480103087919034, "rate_senior": -0.006200280893482568}}, {"type": "Feature", "geometry": {"type": "Polygon", "coordinates": [[[140.09575279957812, 35.624347691347616], [140.09567237827477, 35.624070177890765], [140.09588039012021, 35.62379369891555], [140.09533390824143, 35.62352165845092], [140.09498598226725, 35.62324637325033], [140.0946206574472, 35.623464037996364], [140.09423721294877, 35.62308615972796], [140.09409937802988, 35.62292168080979], [140.09403536770807, 35.622876751148695], [140.09356881060032, 35.62334798664572], [140.09290296898945, 35.62404473162507], [140.0925896968622, 35.62437251406041], [140.09273152810303, 35.62444544559353], [140.0927762529422, 35.624400284115886], [140.09285915353473, 35.62440574115221], [140.09310408709896, 35.62432917048068], [140.0933515573938, 35.62451172572292], [140.09374469540543, 35.62488550185397], [140.0938210250469, 35.62499237162761], [140.09398270139124, 35.625193663289146], [140.0940797401536, 35.6253033052961], [140.094137507013, 35.62535998518639], [140.09414166417181, 35.62536406484344], [140.09422868876086, 35.625449452680186], [140.09463382462386, 35.625930232720435], [140.0950974964497, 35.626501018455826], [140.0951530249414, 35.62658258210197], [140.09530206266916, 35.626754077704085], [140.09545598680253, 35.62696948581092], [140.0955093785443, 35.6270442047921], [140.09565149681168, 35.62721008149977], [140.09582806832196, 35.62734771742225], [140.09614316191207, 35.626909212079106], [140.0962010492813, 35.62682865116963], [140.09644247979037, 35.6264840420137], [140.09671064671903, 35.62612574913585], [140.09696204525216, 35.62577876052305], [140.09721307880523, 35.625459939129385], [140.0971231586182, 35.62541788303461], [140.09702884626003, 35.62539034204147], [140.09703318394733, 35.625358927098304], [140.09619495265565, 35.62495795238137], [140.09599355159136, 35.62486191589064], [140.09595704754372, 35.6247887616038], [140.09580403112818, 35.62444686858106], [140.09575279957812, 35.624347691347616]]]}, "properties": {"key_code": "12103010001", "name": "千葉市稲毛区黒砂一丁目", "population": 1250, "households_total": 773, "young_pop": 230, "pop_active": 425, "senior_labor": 72, "pop_senior": 225, "family_hh": 120, "senior_hh": 132, "pop_young": 230, "rate_young": -0.018881504273735694, "rate_active": -0.04641363421391487, "rate_senior": -0.052733670920933395}}, {"type": "Feature", "geometry": {"type": "Polygon", "coordinates": [[[140.0952799353352, 35.628100236902455], [140.09582806832196, 35.62734771742225], [140.09565149681168, 35.62721008149977], [140.0955093785443, 35.6270442047921], [140.09545598680253, 35.62696948581092], [140.09530206266916, 35.626754077704085], [140.0951530249414, 35.62658258210197], [140.0950974964497, 35.626501018455826], [140.09463382462386, 35.625930232720435], [140.09422868876086, 35.625449452680186], [140.09414166417181, 35.62536406484344], [140.094137507013, 35.62535998518639], [140.0940797401536, 35.6253033052961], [140.09398270139124, 35.625193663289146], [140.0938210250469, 35.62499237162761], [140.09374469540543, 35.62488550185397], [140.0933515573938, 35.62451172572292], [140.09310408709896, 35.62432917048068], [140.09285915353473, 35.62440574115221], [140.0927762529422, 35.624400284115886], [140.09273152810303, 35.62444544559353], [140.0925896968622, 35.62437251406041], [140.09222894837174, 35.624803067189106], [140.0919724985072, 35.6250542928512], [140.09151459724424, 35.62547494336943], [140.09108254860888, 35.62588990428797], [140.09083713210077, 35.62613420184444], [140.09058197676748, 35.626388203330286], [140.0904526047723, 35.62651698566692], [140.09026545799406, 35.62670387731904], [140.090025776796, 35.6269431984916], [140.09025088527537, 35.627151156899366], [140.0903306702289, 35.62726083825689], [140.09038599537598, 35.62728607157666], [140.0904861119261, 35.6272802273325], [140.09058636965258, 35.62731099916031], [140.09063675946018, 35.62741229232152], [140.09069546280543, 35.62755018437409], [140.09078301209408, 35.627639041031614], [140.09086517226606, 35.6276617182741], [140.0909491303327, 35.62766608288982], [140.0910274295019, 35.627647679192954], [140.09133191813766, 35.62747965633378], [140.09138037311342, 35.627467372408425], [140.09142520919724, 35.627490091890685], [140.09152157528004, 35.62765265515365], [140.09231016813317, 35.627264539590236], [140.09244282413002, 35.6273258721525], [140.09262074011517, 35.627366864824836], [140.0928184469867, 35.62737362641477], [140.09313976885414, 35.62736576070364], [140.0933107727489, 35.62738972414341], [140.09339947864382, 35.62740875871808], [140.093922578225, 35.627565867765036], [140.09426845684519, 35.62773694401629], [140.09444835730642, 35.62783795842374], [140.0946695808259, 35.627907900911715], [140.0952799353352, 35.628100236902455]]]}, "properties": {"key_code": "12103010002", "name": "千葉市稲毛区黒砂二丁目", "population": 1183, "households_total": 563, "young_pop": 168, "pop_active": 428, "senior_labor": 102, "pop_senior": 380, "family_hh": 155, "senior_hh": 211, "pop_young": 168, "rate_young": -0.024311612403207006, "rate_active": -0.030230224047243293, "rate_senior": -0.016992908008860996}}, {"type": "Feature", "geometry": {"type": "Polygon", "coordinates": [[[140.09426845684519, 35.62773694401629], [140.093922578225, 35.627565867765036], [140.09339947864382, 35.62740875871808], [140.0933107727489, 35.62738972414341], [140.09313976885414, 35.62736576070364], [140.0928184469867, 35.62737362641477], [140.09262074011517, 35.627366864824836], [140.09244282413002, 35.6273258721525], [140.09231016813317, 35.627264539590236], [140.09152157528004, 35.62765265515365], [140.09142520919724, 35.627490091890685], [140.09138037311342, 35.627467372408425], [140.09133191813766, 35.62747965633378], [140.0910274295019, 35.627647679192954], [140.0909491303327, 35.62766608288982], [140.09086517226606, 35.6276617182741], [140.09078301209408, 35.627639041031614], [140.09069546280543, 35.62755018437409], [140.09063675946018, 35.62741229232152], [140.09058636965258, 35.62731099916031], [140.0904861119261, 35.6272802273325], [140.09038599537598, 35.62728607157666], [140.0903306702289, 35.62726083825689], [140.09025088527537, 35.627151156899366], [140.090025776796, 35.6269431984916], [140.08952329002886, 35.627473784780534], [140.0897091236382, 35.62767221481015], [140.09033824961094, 35.628411673952534], [140.09069194234664, 35.62886723537566], [140.09092419015718, 35.629139965689824], [140.0910696861659, 35.62928331022342], [140.09118687255452, 35.62935393827808], [140.09125160710065, 35.6293817769031], [140.0912779222661, 35.62939309365482], [140.09135633337795, 35.62942681394094], [140.09144283570865, 35.629477331434366], [140.0915141711463, 35.62957985579006], [140.0915154289875, 35.629581663077325], [140.09151915581035, 35.62958702122192], [140.09160666735, 35.629950190555945], [140.09185295396674, 35.630287672262575], [140.0922481601671, 35.63076567129114], [140.09255852189116, 35.63104527130153], [140.09283071250877, 35.63087005578042], [140.09308559577852, 35.630677976638644], [140.0933602163153, 35.63045557611149], [140.09362179963588, 35.630202922575386], [140.0937662817969, 35.630046287826495], [140.0937864777558, 35.63002286279963], [140.09389096499262, 35.62990166519596], [140.09400531447614, 35.62976269855946], [140.09400692250844, 35.62976069867972], [140.09402148532996, 35.62974256588511], [140.09420132714754, 35.629518635962796], [140.0944222567929, 35.62924564828532], [140.09470934753736, 35.628876047165186], [140.09506858093238, 35.628399257071244], [140.0952799353352, 35.628100236902455], [140.0946695808259, 35.627907900911715], [140.09444835730642, 35.62783795842374], [140.09426845684519, 35.62773694401629]]]}, "properties": {"key_code": "12103010003", "name": "千葉市稲毛区黒砂三丁目", "population": 885, "households_total": 412, "young_pop": 107, "pop_active": 409, "senior_labor": 46, "pop_senior": 177, "family_hh": 121, "senior_hh": 70, "pop_young": 107, "rate_young": -0.010852479145132765, "rate_active": -0.010882439564415258, "rate_senior": -0.015109428686297943}}, {"type": "Feature", "geometry": {"type": "Polygon", "coordinates": [[[140.0897091236382, 35.62767221481015], [140.08952329002886, 35.627473784780534], [140.08833311165918, 35.62880177303659], [140.08829390333594, 35.628846782340055], [140.0881434030592, 35.62901962086416], [140.08821701862928, 35.62905942929086], [140.08833638409, 35.629280609494806], [140.08860962915966, 35.62995605110928], [140.0886791196082, 35.6300882914068], [140.08891137319023, 35.630363842857456], [140.0894624390375, 35.63098799596315], [140.089876102956, 35.631435440210794], [140.09035960843812, 35.63198086110242], [140.09048408061713, 35.63210999039752], [140.0905940250023, 35.63206025399609], [140.09077740351012, 35.63197282877686], [140.090905318478, 35.631911857675256], [140.091430297841, 35.63166058533914], [140.09200247581103, 35.63137565750591], [140.09245436894628, 35.63111781249518], [140.09255852189116, 35.63104527130153], [140.0922481601671, 35.63076567129114], [140.09185295396674, 35.630287672262575], [140.09160666735, 35.629950190555945], [140.09151915581035, 35.62958702122192], [140.0915154289875, 35.629581663077325], [140.0915141711463, 35.62957985579006], [140.09144283570865, 35.629477331434366], [140.09135633337795, 35.62942681394094], [140.0912779222661, 35.62939309365482], [140.09125160710065, 35.6293817769031], [140.09118687255452, 35.62935393827808], [140.0910696861659, 35.62928331022342], [140.09092419015718, 35.629139965689824], [140.09069194234664, 35.62886723537566], [140.09033824961094, 35.628411673952534], [140.0897091236382, 35.62767221481015]]]}, "properties": {"key_code": "12103010004", "name": "千葉市稲毛区黒砂四丁目", "population": 733, "households_total": 348, "young_pop": 65, "pop_active": 310, "senior_labor": 83, "pop_senior": 236, "family_hh": 89, "senior_hh": 123, "pop_young": 65, "rate_young": 0.006270083894049483, "rate_active": -0.01945593001644841, "rate_senior": -0.0033557804036539185}}, {"type": "Feature", "geometry": {"type": "Polygon", "coordinates": [[[140.09786265279288, 35.6294865236244], [140.09831105731828, 35.62881236940737], [140.09856369061632, 35.62845692215062], [140.0988180617744, 35.628104288749206], [140.0990638198014, 35.62775449208114], [140.09930809833423, 35.62738762197099], [140.09854198566705, 35.627009038590465], [140.09808198980474, 35.62678751977174], [140.09758392964693, 35.626543547877546], [140.09671064671903, 35.62612574913585], [140.09644247979037, 35.6264840420137], [140.0962010492813, 35.62682865116963], [140.09614316191207, 35.626909212079106], [140.09582806832196, 35.62734771742225], [140.0952799353352, 35.628100236902455], [140.09506858093238, 35.628399257071244], [140.09470934753736, 35.628876047165186], [140.0944222567929, 35.62924564828532], [140.0953956086188, 35.629237467292725], [140.09545412764382, 35.6291772405244], [140.09550224959952, 35.62910953670072], [140.09592079665092, 35.62932270303157], [140.09657760625367, 35.62964970972456], [140.09678620023217, 35.63034849806831], [140.09682811795898, 35.63049909889359], [140.09686568160788, 35.6306306976556], [140.09679523370062, 35.6307350666], [140.09694221290192, 35.630809390303185], [140.0971595378786, 35.63049274947678], [140.09758022671264, 35.62988523496989], [140.09786265279288, 35.6294865236244]]]}, "properties": {"key_code": "12103011001", "name": "千葉市稲毛区黒砂台一丁目", "population": 1578, "households_total": 903, "young_pop": 307, "pop_active": 534, "senior_labor": 137, "pop_senior": 364, "family_hh": 156, "senior_hh": 213, "pop_young": 307, "rate_young": 0.015696619676678347, "rate_active": -0.04690915798999962, "rate_senior": -0.025413910040026022}}, {"type": "Feature", "geometry": {"type": "Polygon", "coordinates": [[[140.09647015289582, 35.631334559153224], [140.0965247886332, 35.63114854054779], [140.09666038983727, 35.63119729227495], [140.09671451826026, 35.63112042076798], [140.09694221290192, 35.630809390303185], [140.09679523370062, 35.6307350666], [140.09686568160788, 35.6306306976556], [140.09682811795898, 35.63049909889359], [140.09678620023217, 35.63034849806831], [140.09657760625367, 35.62964970972456], [140.09592079665092, 35.62932270303157], [140.09550224959952, 35.62910953670072], [140.09545412764382, 35.6291772405244], [140.0953956086188, 35.629237467292725], [140.0944222567929, 35.62924564828532], [140.09420132714754, 35.629518635962796], [140.09402148532996, 35.62974256588511], [140.09400692250844, 35.62976069867972], [140.09400531447614, 35.62976269855946], [140.09389096499262, 35.62990166519596], [140.0937864777558, 35.63002286279963], [140.0937662817969, 35.630046287826495], [140.09362179963588, 35.630202922575386], [140.0933602163153, 35.63045557611149], [140.09308559577852, 35.630677976638644], [140.09283071250877, 35.63087005578042], [140.09255852189116, 35.63104527130153], [140.09291625567388, 35.63140881267182], [140.09305053128458, 35.6313156102288], [140.09342104282328, 35.63105846413829], [140.09373622317415, 35.631200138772314], [140.09386522337786, 35.631267849756135], [140.09391172083383, 35.63129007238321], [140.09393713200092, 35.63130221935805], [140.09427189789835, 35.63146224454259], [140.0943095898972, 35.63148107119224], [140.09471957968938, 35.63168570208444], [140.09507929448864, 35.631853928820355], [140.09551421849397, 35.63206614391005], [140.09575723519916, 35.63218201783779], [140.0959085162427, 35.632251192949326], [140.09618343025446, 35.63183654731896], [140.0964085692696, 35.63151214279339], [140.09647015289582, 35.631334559153224]]]}, "properties": {"key_code": "12103011002", "name": "千葉市稲毛区黒砂台二丁目", "population": 774, "households_total": 313, "young_pop": 66, "pop_active": 327, "senior_labor": 86, "pop_senior": 232, "family_hh": 94, "senior_hh": 80, "pop_young": 66, "rate_young": -0.035319790890009584, "rate_active": -0.012371300188051437, "rate_senior": 0.014394408739590636}}, {"type": "Feature", "geometry": {"type": "Polygon", "coordinates": [[[140.10055388655033, 35.62600271702504], [140.10034988417408, 35.625908804256625], [140.1000569357085, 35.62632422697314], [140.09981848928004, 35.626659819954156], [140.0995641928748, 35.6270349856826], [140.09930809833423, 35.62738762197099], [140.0990638198014, 35.62775449208114], [140.0988180617744, 35.628104288749206], [140.09856369061632, 35.62845692215062], [140.09831105731828, 35.62881236940737], [140.09786265279288, 35.6294865236244], [140.09758022671264, 35.62988523496989], [140.0971595378786, 35.63049274947678], [140.09694221290192, 35.630809390303185], [140.09671451826026, 35.63112042076798], [140.09666038983727, 35.63119729227495], [140.09696720408613, 35.63131985815448], [140.09753154512487, 35.63153340740764], [140.09768798913478, 35.63159996403588], [140.09781601487452, 35.63168700289887], [140.09789740746032, 35.631762876165325], [140.0979096323015, 35.63180791624059], [140.0978924999718, 35.631850203385106], [140.09783454970187, 35.63195789052453], [140.09770074873697, 35.63222576401314], [140.09767893397094, 35.63241734453618], [140.0976930542114, 35.6325074471474], [140.09771760716237, 35.63262287707757], [140.0977450654413, 35.63271002786551], [140.09778685546888, 35.63281415366383], [140.09780074896696, 35.63284229012006], [140.09786369395653, 35.6329408427536], [140.09794694545403, 35.63305051165906], [140.09803363639222, 35.63316298964817], [140.09812206487604, 35.633272647089704], [140.09819144833594, 35.63336826257473], [140.09830941434765, 35.633528555380984], [140.098427424194, 35.633715183107334], [140.09846749452672, 35.63382114354071], [140.09848191431308, 35.63400137828017], [140.09845466956222, 35.63412255401989], [140.09841180064754, 35.63420714726124], [140.09811914858417, 35.63447733885056], [140.09796084583667, 35.63464668329179], [140.09838294371852, 35.63488320839286], [140.09860414154298, 35.63479699309654], [140.09875917490785, 35.6346896215871], [140.0989796801561, 35.634531407058184], [140.09917965763586, 35.63443238690965], [140.09936431139565, 35.63438138933055], [140.0996058520183, 35.634344137828236], [140.09993028644902, 35.634281460442295], [140.10059199885515, 35.63394799532099], [140.10109595657252, 35.633668215023036], [140.10133315252708, 35.633538444519445], [140.10158463933487, 35.6334009310629], [140.10168901320787, 35.63334450836779], [140.1022187299088, 35.63306470303859], [140.10169131631912, 35.63268653610574], [140.10024383674184, 35.6314898253638], [140.09949408055311, 35.63085771756801], [140.0991094741484, 35.630542493227125], [140.09859132022797, 35.630067252080515], [140.09847620590332, 35.62983544452244], [140.09874307699226, 35.629370855823275], [140.09908962779465, 35.628850076938086], [140.09959148253034, 35.62815225050511], [140.09997623630937, 35.62760882312152], [140.10045662783503, 35.626958436084024], [140.1005697203736, 35.62679435372532], [140.10098346979265, 35.62619404852196], [140.10055388655033, 35.62600271702504]]]}, "properties": {"key_code": "12103011003", "name": "千葉市稲毛区黒砂台三丁目", "population": 1216, "households_total": 666, "young_pop": 142, "pop_active": 421, "senior_labor": 137, "pop_senior": 417, "family_hh": 114, "senior_hh": 215, "pop_young": 142, "rate_young": -0.03421528455419964, "rate_active": -0.04246186024324894, "rate_senior": -0.000956481903959916}}, {"type": "Feature", "geometry": {"type": "Polygon", "coordinates": [[[140.09753154512487, 35.63153340740764], [140.09696720408613, 35.63131985815448], [140.09621442641864, 35.6323383058631], [140.09444366644865, 35.63471810370762], [140.09419390638942, 35.635075656555045], [140.09404637232888, 35.63527743824645], [140.093926545118, 35.635445570710196], [140.0940915749598, 35.63558302115784], [140.09426460665517, 35.635727109539005], [140.09444321725618, 35.63587586715256], [140.0944994811773, 35.635922714469345], [140.09456989103512, 35.635988965764], [140.09470156226504, 35.6361128260843], [140.0945261469866, 35.63633572283906], [140.09429569420513, 35.63662352246955], [140.0940499820737, 35.6369986755182], [140.09464329275684, 35.6373044160514], [140.09554571391718, 35.63698438481302], [140.0960087003828, 35.636828531767804], [140.09639938415296, 35.63667558020999], [140.09700875756707, 35.63640642320422], [140.0972322366278, 35.63618004077633], [140.09738562031964, 35.63602908655187], [140.09767475520349, 35.63571651122142], [140.09771620832714, 35.63562678176951], [140.09779907180484, 35.63542221615559], [140.0980269426242, 35.63517568436805], [140.09824902222056, 35.634978034051855], [140.09838294371852, 35.63488320839286], [140.09796084583667, 35.63464668329179], [140.09811914858417, 35.63447733885056], [140.09841180064754, 35.63420714726124], [140.09845466956222, 35.63412255401989], [140.09848191431308, 35.63400137828017], [140.09846749452672, 35.63382114354071], [140.098427424194, 35.633715183107334], [140.09830941434765, 35.633528555380984], [140.09819144833594, 35.63336826257473], [140.09812206487604, 35.633272647089704], [140.09803363639222, 35.63316298964817], [140.09794694545403, 35.63305051165906], [140.09786369395653, 35.6329408427536], [140.09780074896696, 35.63284229012006], [140.09778685546888, 35.63281415366383], [140.0977450654413, 35.63271002786551], [140.09771760716237, 35.63262287707757], [140.0976930542114, 35.6325074471474], [140.09767893397094, 35.63241734453618], [140.09770074873697, 35.63222576401314], [140.09783454970187, 35.63195789052453], [140.0978924999718, 35.631850203385106], [140.0979096323015, 35.63180791624059], [140.09789740746032, 35.631762876165325], [140.09781601487452, 35.63168700289887], [140.09768798913478, 35.63159996403588], [140.09753154512487, 35.63153340740764]]]}, "properties": {"key_code": "12103012001", "name": "千葉市稲毛区小仲台一丁目", "population": 2511, "households_total": 1061, "young_pop": 315, "pop_active": 1070, "senior_labor": 353, "pop_senior": 829, "family_hh": 387, "senior_hh": 420, "pop_young": 315, "rate_young": 0.016675858612995365, "rate_active": -0.012940040893152371, "rate_senior": 0.04319717443661242}}, {"type": "Feature", "geometry": {"type": "Polygon", "coordinates": [[[140.0969102999137, 35.63759971977298], [140.0970019387821, 35.63722606095787], [140.0970067478459, 35.63720314553945], [140.0970427423642, 35.637031619776174], [140.09709396058133, 35.636856872869295], [140.0972322366278, 35.63618004077633], [140.09700875756707, 35.63640642320422], [140.09639938415296, 35.63667558020999], [140.0960087003828, 35.636828531767804], [140.09554571391718, 35.63698438481302], [140.09464329275684, 35.6373044160514], [140.0940499820737, 35.6369986755182], [140.09429569420513, 35.63662352246955], [140.0945261469866, 35.63633572283906], [140.09470156226504, 35.6361128260843], [140.09456989103512, 35.635988965764], [140.0944994811773, 35.635922714469345], [140.09444321725618, 35.63587586715256], [140.09426460665517, 35.635727109539005], [140.0940915749598, 35.63558302115784], [140.093926545118, 35.635445570710196], [140.09368165432377, 35.635782656053], [140.09356602113584, 35.6359608842672], [140.09293157180232, 35.63688686446768], [140.0920639214303, 35.63809583049718], [140.0923497515624, 35.63814225776504], [140.09272787387496, 35.63820013979114], [140.09282915015038, 35.638214604413626], [140.09346615863873, 35.638328824705034], [140.0936270153601, 35.63834882892911], [140.09386481777128, 35.63838130753315], [140.09404902745604, 35.63840643595486], [140.09439667059527, 35.63845416767633], [140.09529856058205, 35.63859727583127], [140.09560612115715, 35.63864730898945], [140.09666177242852, 35.638794296876625], [140.09675009717023, 35.63834906522151], [140.0968304892848, 35.63796476251518], [140.0969102999137, 35.63759971977298]]]}, "properties": {"key_code": "12103012002", "name": "千葉市稲毛区小仲台二丁目", "population": 1651, "households_total": 853, "young_pop": 112, "pop_active": 739, "senior_labor": 163, "pop_senior": 401, "family_hh": 200, "senior_hh": 219, "pop_young": 112, "rate_young": 0.04012620718096094, "rate_active": -0.029419793920404835, "rate_senior": 0.01787784501065115}}, {"type": "Feature", "geometry": {"type": "Polygon", "coordinates": [[[140.10077271116467, 35.63854970366564], [140.10081689202235, 35.638343953231576], [140.10092057790166, 35.63836347613363], [140.10095793101482, 35.63817312746364], [140.1010090619165, 35.63797584694821], [140.1010260408767, 35.63788849238354], [140.10102692967197, 35.63788488705112], [140.1010975786125, 35.637598216398246], [140.10111904553037, 35.63751187242359], [140.1012083128767, 35.63715293652391], [140.10094886448442, 35.63702394225454], [140.1007415976775, 35.63700749946817], [140.10063619882123, 35.63699083178338], [140.10057880056488, 35.63668675665294], [140.1007513331636, 35.636646942829145], [140.10081121904756, 35.63646788206593], [140.10036092600484, 35.636413457098755], [140.09999754292195, 35.63630863148993], [140.09928360649866, 35.63644870738088], [140.09909149299867, 35.636488737572805], [140.09901235085502, 35.636469300512985], [140.09885670156956, 35.636397710937686], [140.0987147141861, 35.63629806495111], [140.09823132749514, 35.63589348704824], [140.09804609420934, 35.635750241441976], [140.09801135613068, 35.63568553398009], [140.09804935112822, 35.63568545114467], [140.09806207167156, 35.63535869076778], [140.0980269426242, 35.63517568436805], [140.09779907180484, 35.63542221615559], [140.09771620832714, 35.63562678176951], [140.09767475520349, 35.63571651122142], [140.09738562031964, 35.63602908655187], [140.0972322366278, 35.63618004077633], [140.09709396058133, 35.636856872869295], [140.0970427423642, 35.637031619776174], [140.0970067478459, 35.63720314553945], [140.0970019387821, 35.63722606095787], [140.0969102999137, 35.63759971977298], [140.0968304892848, 35.63796476251518], [140.09675009717023, 35.63834906522151], [140.09666177242852, 35.638794296876625], [140.0968483797956, 35.63882769081446], [140.09773656239955, 35.63895070932098], [140.0988059750522, 35.639103251326866], [140.09884398235133, 35.63910601984733], [140.09960764454212, 35.63922542431807], [140.09988405060892, 35.63925861598649], [140.10005164295754, 35.63928641352531], [140.10057340141125, 35.639358495981], [140.10060795718007, 35.63936127153892], [140.10070319102522, 35.63892729237305], [140.10077271116467, 35.63854970366564]]]}, "properties": {"key_code": "12103012003", "name": "千葉市稲毛区小仲台三丁目", "population": 2055, "households_total": 983, "young_pop": 127, "pop_active": 956, "senior_labor": 153, "pop_senior": 467, "family_hh": 281, "senior_hh": 266, "pop_young": 127, "rate_young": -0.03274163917675621, "rate_active": -0.009157188475585665, "rate_senior": -0.02609199770780679}}, {"type": "Feature", "geometry": {"type": "Polygon", "coordinates": [[[140.1045202713829, 35.63848823856456], [140.10421877134743, 35.63841920113299], [140.10412214321633, 35.63843350057024], [140.10404536618893, 35.63844423472806], [140.10335919808975, 35.638346374344266], [140.1030598780482, 35.63828377147755], [140.1026724588944, 35.63808042574928], [140.10255140208923, 35.63802013591396], [140.1023799189276, 35.637893872883666], [140.10236465849678, 35.637877287862345], [140.10222504043983, 35.63772559930302], [140.1021681245761, 35.637663762652075], [140.1018559413877, 35.637267303763736], [140.10164608570696, 35.63699736758144], [140.10163211230758, 35.63694669833605], [140.10159156378552, 35.63690723905695], [140.10151082120123, 35.636828666237065], [140.10132144767417, 35.63667800532543], [140.1010236928839, 35.63651934524701], [140.10081121904756, 35.63646788206593], [140.1007513331636, 35.636646942829145], [140.10057880056488, 35.63668675665294], [140.10063619882123, 35.63699083178338], [140.1007415976775, 35.63700749946817], [140.10094886448442, 35.63702394225454], [140.1012083128767, 35.63715293652391], [140.10111904553037, 35.63751187242359], [140.1010975786125, 35.637598216398246], [140.10102692967197, 35.63788488705112], [140.1010260408767, 35.63788849238354], [140.1010090619165, 35.63797584694821], [140.10095793101482, 35.63817312746364], [140.10092057790166, 35.63836347613363], [140.10081689202235, 35.638343953231576], [140.10077271116467, 35.63854970366564], [140.10070319102522, 35.63892729237305], [140.10060795718007, 35.63936127153892], [140.1017194809072, 35.639526508718795], [140.10250350029023, 35.639578742252866], [140.10271842655996, 35.63959319104075], [140.10320895135382, 35.639617412399595], [140.10366140866594, 35.63962766869141], [140.1038133807751, 35.63962732894538], [140.10408276508906, 35.639623944791666], [140.10463443566357, 35.639592125357666], [140.1047940880467, 35.63958291724567], [140.10498742921004, 35.63956558324904], [140.10524804824124, 35.63952834594917], [140.10554837914367, 35.63948823732162], [140.1060935597616, 35.639378286586506], [140.10640250323215, 35.63875817411968], [140.10581936311365, 35.638684494898584], [140.10521815149423, 35.638604163711626], [140.10467565303549, 35.638520881099815], [140.1045202713829, 35.63848823856456]]]}, "properties": {"key_code": "12103012004", "name": "千葉市稲毛区小仲台四丁目", "population": 856, "households_total": 424, "young_pop": 69, "pop_active": 346, "senior_labor": 104, "pop_senior": 287, "family_hh": 99, "senior_hh": 163, "pop_young": 69, "rate_young": 0.031809247352788894, "rate_active": -0.020625087785440477, "rate_senior": -0.009480384889034577}}, {"type": "Feature", "geometry": {"type": "Polygon", "coordinates": [[[140.09648973614412, 35.64259281984204], [140.09687644505368, 35.64255254103005], [140.09721150412605, 35.642565892103306], [140.09747032357137, 35.64248726742955], [140.09719651398058, 35.64220820416851], [140.09725502455288, 35.64214329215774], [140.09743403513855, 35.64197108201074], [140.0975134670078, 35.64196527479328], [140.09782401933236, 35.64188009384479], [140.0980985629962, 35.64186822521653], [140.09824362007302, 35.641869209144296], [140.09866686381022, 35.64190922777397], [140.0991052056695, 35.64182094612575], [140.09970269040295, 35.641811179187805], [140.1002810922004, 35.64177127725976], [140.10037448216983, 35.64181814504566], [140.10059929924688, 35.64191059794322], [140.10079263807856, 35.641890452958755], [140.10098601741467, 35.641875940944445], [140.10109651292478, 35.64187287921696], [140.10136659334418, 35.64189329871104], [140.10182732889604, 35.64197346536198], [140.1021275583901, 35.64198712750124], [140.1022420604953, 35.6415525771127], [140.10224220697273, 35.64155165641742], [140.10228403228012, 35.641288244763686], [140.10228538360877, 35.64127383657682], [140.10230983461673, 35.64101285834771], [140.10231794516423, 35.64094063010834], [140.10232660184118, 35.64086353749697], [140.10233077073147, 35.64082141789636], [140.10233996446632, 35.640728307580325], [140.1023485856556, 35.64066335533914], [140.10236544556312, 35.64053632889554], [140.10237194390695, 35.64048740999576], [140.10239079690254, 35.64036918836631], [140.10239474721553, 35.64034441378208], [140.10242867414175, 35.64016266250315], [140.10244054412462, 35.64007004906311], [140.1024709901233, 35.63983246286626], [140.10250350029023, 35.639578742252866], [140.1017194809072, 35.639526508718795], [140.10060795718007, 35.63936127153892], [140.10057340141125, 35.639358495981], [140.10005164295754, 35.63928641352531], [140.09988405060892, 35.63925861598649], [140.09960764454212, 35.63922542431807], [140.09884398235133, 35.63910601984733], [140.0988059750522, 35.639103251326866], [140.09773656239955, 35.63895070932098], [140.0968483797956, 35.63882769081446], [140.0967194002952, 35.639512430395555], [140.09665867257903, 35.63981243667848], [140.09647902101057, 35.63994743124976], [140.09644703664563, 35.640129600328194], [140.09639771827491, 35.640404266053125], [140.09639424684087, 35.64042363901036], [140.09637389403628, 35.640529696524226], [140.09629057448487, 35.6409252383305], [140.0961562322279, 35.641556472915866], [140.09619429453628, 35.641797182319436], [140.09619763850228, 35.641882169055854], [140.09618855858915, 35.6419146871289], [140.09620383731664, 35.64237462091633], [140.09603903241566, 35.6426707343142], [140.09648973614412, 35.64259281984204]]]}, "properties": {"key_code": "12103012005", "name": "千葉市稲毛区小仲台五丁目", "population": 3851, "households_total": 1347, "young_pop": 426, "pop_active": 2062, "senior_labor": 153, "pop_senior": 322, "family_hh": 798, "senior_hh": 145, "pop_young": 426, "rate_young": 0.03772258163334752, "rate_active": -0.010340568174893816, "rate_senior": 0.057912916435038486}}, {"type": "Feature", "geometry": {"type": "Polygon", "coordinates": [[[140.09603903241566, 35.6426707343142], [140.09620383731664, 35.64237462091633], [140.09618855858915, 35.6419146871289], [140.09619763850228, 35.641882169055854], [140.09619429453628, 35.641797182319436], [140.0961562322279, 35.641556472915866], [140.09629057448487, 35.6409252383305], [140.09637389403628, 35.640529696524226], [140.09639424684087, 35.64042363901036], [140.09639771827491, 35.640404266053125], [140.09644703664563, 35.640129600328194], [140.09647902101057, 35.63994743124976], [140.09665867257903, 35.63981243667848], [140.0967194002952, 35.639512430395555], [140.0968483797956, 35.63882769081446], [140.09666177242852, 35.638794296876625], [140.09560612115715, 35.63864730898945], [140.09529856058205, 35.63859727583127], [140.09439667059527, 35.63845416767633], [140.09404902745604, 35.63840643595486], [140.09386481777128, 35.63838130753315], [140.0936270153601, 35.63834882892911], [140.09346615863873, 35.638328824705034], [140.09282915015038, 35.638214604413626], [140.09272787387496, 35.63820013979114], [140.0923497515624, 35.63814225776504], [140.0920639214303, 35.63809583049718], [140.09168886614634, 35.63857843360853], [140.09139023254448, 35.638986617362875], [140.09110945571524, 35.63934902488769], [140.09083120367933, 35.63970005465137], [140.09045829328122, 35.640217085361705], [140.09085250583644, 35.640413063731856], [140.091170661082, 35.64053631993418], [140.09140408329586, 35.64062595585338], [140.09170841381848, 35.64074924002649], [140.09219050016506, 35.64105234151609], [140.09264495190945, 35.64106051879391], [140.0929880741439, 35.64107446250359], [140.09357324155928, 35.641155766397304], [140.0936271309042, 35.64129296431631], [140.0938855711266, 35.641697731546344], [140.09417377648109, 35.64210299571638], [140.09430387503016, 35.64228298350098], [140.09442534999133, 35.642457356345375], [140.09451898161996, 35.64257263847705], [140.09458468903813, 35.642603479790615], [140.0946814623715, 35.642617353407466], [140.09518927231343, 35.64263660124977], [140.0952351500397, 35.64261153844008], [140.09530881889287, 35.64265637512891], [140.09545894833346, 35.64272269881607], [140.0956075307769, 35.642744909007845], [140.09603903241566, 35.6426707343142]]]}, "properties": {"key_code": "12103012006", "name": "千葉市稲毛区小仲台六丁目", "population": 1841, "households_total": 1028, "young_pop": 193, "pop_active": 809, "senior_labor": 168, "pop_senior": 422, "family_hh": 165, "senior_hh": 227, "pop_young": 193, "rate_young": -0.11524818505106549, "rate_active": -0.02131091201315427, "rate_senior": -0.0314067227324204}}, {"type": "Feature", "geometry": {"type": "Polygon", "coordinates": [[[140.08912159124122, 35.644811585405435], [140.0892217435875, 35.6448029221927], [140.08956541790405, 35.6448021905665], [140.0896965469158, 35.644768110426085], [140.08995318759207, 35.64466352033767], [140.09006701565872, 35.64461539311177], [140.09031540652134, 35.64452191081713], [140.09043276801086, 35.644499126266176], [140.09059160954934, 35.6444847030898], [140.09077807726388, 35.64447022059703], [140.09101272414037, 35.644402116914556], [140.0913162268523, 35.64425781372267], [140.09163868135832, 35.644105019044], [140.09188341466407, 35.643955207349265], [140.0919867242113, 35.643856400197244], [140.0920001978132, 35.643754969357495], [140.09198873534834, 35.6436256015072], [140.09280677989165, 35.643454838000835], [140.0929796032746, 35.64349675132923], [140.09314181783188, 35.64345974885665], [140.09326945776843, 35.64340877247475], [140.09338307008764, 35.64329585857062], [140.09340015022056, 35.64324233932559], [140.0936328203981, 35.64309251555481], [140.09378275001092, 35.642999275064724], [140.09392072296845, 35.64294264234362], [140.094098375378, 35.64287180481152], [140.0944537952088, 35.6427724850894], [140.09495778988978, 35.64268689012163], [140.09518927231343, 35.64263660124977], [140.0946814623715, 35.642617353407466], [140.09458468903813, 35.642603479790615], [140.09451898161996, 35.64257263847705], [140.09442534999133, 35.642457356345375], [140.09430387503016, 35.64228298350098], [140.09417377648109, 35.64210299571638], [140.0938855711266, 35.641697731546344], [140.0936271309042, 35.64129296431631], [140.09357324155928, 35.641155766397304], [140.0929880741439, 35.64107446250359], [140.09264495190945, 35.64106051879391], [140.09219050016506, 35.64105234151609], [140.09170841381848, 35.64074924002649], [140.09140408329586, 35.64062595585338], [140.091170661082, 35.64053631993418], [140.09085250583644, 35.640413063731856], [140.09045829328122, 35.640217085361705], [140.09008966179996, 35.64073973370048], [140.09000404908312, 35.64086111172021], [140.0895631527593, 35.64151314576427], [140.08955383583395, 35.64152692298228], [140.0894987287751, 35.641605802913624], [140.08892465545972, 35.64241962343622], [140.08867880378006, 35.64276814219245], [140.0885357434296, 35.64298149604394], [140.08844121319214, 35.64312253299487], [140.08835674187864, 35.64325291543113], [140.0875092570964, 35.644488438058694], [140.0876144438237, 35.64455018396405], [140.08786038588602, 35.64476936916667], [140.08809600270877, 35.64499702638244], [140.08821721859113, 35.64510662293599], [140.0884477549146, 35.64525524598413], [140.08873479292032, 35.645361673315385], [140.08910103119857, 35.64485669680307], [140.08912159124122, 35.644811585405435]]]}, "properties": {"key_code": "12103012007", "name": "千葉市稲毛区小仲台七丁目", "population": 3788, "households_total": 1754, "young_pop": 351, "pop_active": 1829, "senior_labor": 412, "pop_senior": 1056, "family_hh": 534, "senior_hh": 586, "pop_young": 351, "rate_young": 0.0, "rate_active": 0.02494541525515337, "rate_senior": 0.006961229092567134}}, {"type": "Feature", "geometry": {"type": "Polygon", "coordinates": [[[140.08988574027907, 35.646665808045015], [140.08995699000292, 35.64659562452524], [140.09010212136212, 35.64660939835787], [140.09029193703262, 35.64656110802911], [140.09056095304916, 35.646433779013826], [140.09092171175925, 35.64626449461947], [140.09106443600595, 35.64618764361998], [140.09124371457554, 35.64608303951328], [140.0915193545591, 35.6458711918971], [140.09174668557924, 35.64567353128034], [140.09181242591396, 35.645707190940946], [140.09214531957923, 35.64587224037827], [140.0925135989216, 35.645702864906134], [140.09276531100735, 35.645575568584434], [140.0929549519157, 35.645468123010474], [140.09313762970413, 35.6453494252297], [140.0933132879025, 35.645194124702805], [140.0934388988861, 35.645055832660205], [140.09353869970326, 35.644945763783205], [140.0937075497387, 35.64482709611169], [140.09394030088816, 35.644699840062145], [140.0942770415856, 35.644696293357086], [140.0949325988113, 35.644477983071866], [140.09499193997596, 35.644460953786115], [140.09514355258676, 35.64434795570057], [140.09520908572176, 35.64432527943728], [140.0952782593936, 35.644353295924724], [140.09553343253174, 35.64442879116265], [140.09555369507282, 35.64428791175836], [140.0955396284946, 35.644214708082075], [140.09551169402647, 35.644121817679], [140.09545911961706, 35.643888145659176], [140.09544159456073, 35.643812132775544], [140.09543289594197, 35.64358699130792], [140.0954272645448, 35.643448984985596], [140.09543141318068, 35.643117449672246], [140.0954321982442, 35.64305481201472], [140.09543533479484, 35.64295903718422], [140.0954452586427, 35.642829447109094], [140.09545894833346, 35.64272269881607], [140.09530881889287, 35.64265637512891], [140.0952351500397, 35.64261153844008], [140.09518927231343, 35.64263660124977], [140.09495778988978, 35.64268689012163], [140.0944537952088, 35.6427724850894], [140.094098375378, 35.64287180481152], [140.09392072296845, 35.64294264234362], [140.09378275001092, 35.642999275064724], [140.0936328203981, 35.64309251555481], [140.09340015022056, 35.64324233932559], [140.09338307008764, 35.64329585857062], [140.09326945776843, 35.64340877247475], [140.09314181783188, 35.64345974885665], [140.0929796032746, 35.64349675132923], [140.09280677989165, 35.643454838000835], [140.09198873534834, 35.6436256015072], [140.0920001978132, 35.643754969357495], [140.0919867242113, 35.643856400197244], [140.09188341466407, 35.643955207349265], [140.09163868135832, 35.644105019044], [140.0913162268523, 35.64425781372267], [140.09101272414037, 35.644402116914556], [140.09077807726388, 35.64447022059703], [140.09059160954934, 35.6444847030898], [140.09043276801086, 35.644499126266176], [140.09031540652134, 35.64452191081713], [140.09006701565872, 35.64461539311177], [140.08995318759207, 35.64466352033767], [140.0896965469158, 35.644768110426085], [140.08956541790405, 35.6448021905665], [140.0892217435875, 35.6448029221927], [140.08912159124122, 35.644811585405435], [140.08910103119857, 35.64485669680307], [140.08873479292032, 35.645361673315385], [140.0884477549146, 35.64525524598413], [140.08821721859113, 35.64510662293599], [140.08809600270877, 35.64499702638244], [140.08786038588602, 35.64476936916667], [140.0876144438237, 35.64455018396405], [140.0875092570964, 35.644488438058694], [140.087471439418, 35.64453921920561], [140.0861294618592, 35.64636691645768], [140.0860057386297, 35.64656156800573], [140.08593351738634, 35.64666027107654], [140.08576718551387, 35.646857476069215], [140.085472807083, 35.6473369075471], [140.08537307351662, 35.647472321121256], [140.085318060035, 35.64755693922146], [140.08508078109278, 35.647889813995505], [140.0851497285956, 35.647935829137914], [140.0853846389664, 35.64810891926115], [140.08561990711465, 35.64829996494063], [140.0857663558855, 35.648408947472475], [140.0860010828091, 35.64859876110936], [140.08620711752687, 35.6487588826481], [140.08682729697517, 35.64919899665764], [140.08724586830928, 35.649534080213485], [140.0872482469133, 35.64953597649292], [140.08810804254898, 35.65022422448102], [140.08831790599336, 35.650392397295136], [140.08869092822763, 35.650003385385425], [140.08901272432928, 35.649636523174514], [140.0893500243976, 35.64925554344485], [140.08937179513063, 35.64900318726063], [140.08937786865943, 35.648785086934396], [140.0893719143723, 35.64854285915826], [140.0893884210971, 35.64830340025305], [140.08939653213932, 35.64814282822913], [140.0894125505219, 35.64808001577897], [140.08942259849255, 35.64797859137021], [140.0894646394039, 35.647838474087706], [140.08951968263824, 35.647765121255276], [140.08959954740118, 35.64769090565591], [140.0895039602889, 35.647651076405815], [140.08940832818405, 35.64759825546097], [140.08936190122853, 35.647573918525936], [140.0899321179945, 35.64713047270467], [140.08995611368866, 35.64707408648765], [140.0899525114595, 35.64702057594229], [140.08990727023007, 35.646922086296414], [140.08987241307688, 35.64682075771478], [140.08987190121724, 35.64680914521679], [140.0898686896626, 35.64673626317428], [140.08988574027907, 35.646665808045015]]]}, "properties": {"key_code": "12103012008", "name": "千葉市稲毛区小仲台八丁目", "population": 3363, "households_total": 1600, "young_pop": 254, "pop_active": 1367, "senior_labor": 438, "pop_senior": 1394, "family_hh": 400, "senior_hh": 801, "pop_young": 254, "rate_young": -0.020001345681687988, "rate_active": -0.004759373891322416, "rate_senior": -0.0017128276435861567}}, {"type": "Feature", "geometry": {"type": "Polygon", "coordinates": [[[140.0998691472875, 35.64766540558785], [140.0998584188151, 35.64755276008126], [140.0998565992714, 35.64754700246518], [140.09981303337403, 35.64740920728805], [140.10004937784808, 35.64735182078513], [140.10001051050722, 35.64708713414955], [140.1000759125114, 35.647025021070284], [140.1004002787241, 35.646923180864924], [140.10042425626895, 35.64686369460864], [140.10041694560996, 35.64674822484606], [140.10041311750985, 35.6466355640818], [140.1004726175684, 35.646350942116776], [140.10055353268586, 35.64627217565511], [140.1006878398347, 35.64615075789518], [140.10088411180723, 35.64597286763307], [140.10141494356927, 35.64564748066407], [140.1016844847835, 35.6451708525661], [140.10182218144487, 35.64503252572567], [140.10227585280128, 35.64487941031121], [140.10223051038105, 35.64474431149399], [140.10214189229671, 35.64458677589212], [140.10202941445402, 35.644522243515915], [140.1019924237034, 35.644616650395186], [140.10176542219205, 35.64451966406255], [140.10177753632652, 35.6444796403219], [140.10159196772108, 35.644371118465116], [140.10152279326994, 35.644343105789744], [140.10117342520422, 35.64428607152068], [140.10097430096636, 35.64428151399887], [140.1008334337667, 35.6442968262847], [140.1007140497609, 35.64431958957918], [140.10070196327297, 35.64437457628497], [140.100618049568, 35.64440145056781], [140.10056292599327, 35.64444663974886], [140.100514799498, 35.64451434682061], [140.1000205208919, 35.644405591880215], [140.09998578936492, 35.644352151829175], [140.09997180611714, 35.644298665830334], [140.10000595538673, 35.644185922956275], [140.10003510879648, 35.6441267080979], [140.10012746705672, 35.64332938277226], [140.09970237163589, 35.64324863896453], [140.09951406993136, 35.64322933805666], [140.09922037934246, 35.64319900255577], [140.09864340831982, 35.643149573151476], [140.09831470699507, 35.64308435018394], [140.097997141552, 35.64304114242041], [140.09780362022113, 35.64300776667425], [140.09761045227418, 35.643041638982695], [140.09746286238314, 35.64288341698199], [140.09729477709539, 35.642670877835876], [140.09721150412605, 35.642565892103306], [140.09687644505368, 35.64255254103005], [140.09648973614412, 35.64259281984204], [140.09603903241566, 35.6426707343142], [140.0956075307769, 35.642744909007845], [140.09545894833346, 35.64272269881607], [140.0954452586427, 35.642829447109094], [140.09543533479484, 35.64295903718422], [140.0954321982442, 35.64305481201472], [140.09543141318068, 35.643117449672246], [140.0954272645448, 35.643448984985596], [140.09543289594197, 35.64358699130792], [140.09544159456073, 35.643812132775544], [140.09545911961706, 35.643888145659176], [140.09551169402647, 35.644121817679], [140.0955396284946, 35.644214708082075], [140.09555369507282, 35.64428791175836], [140.09553343253174, 35.64442879116265], [140.09551020266812, 35.644539081127135], [140.0954590664017, 35.644741995324026], [140.09528382807883, 35.644964087081306], [140.0951478845246, 35.645113705537874], [140.0953779549323, 35.64522865560854], [140.0956061984098, 35.64531829374019], [140.09581706014933, 35.64536290152477], [140.09607275029884, 35.64539051056376], [140.09605306122876, 35.645469422260376], [140.09607406432127, 35.645553878531125], [140.09624404909547, 35.64577884606838], [140.09638291870303, 35.6459926144317], [140.09640046364487, 35.64607429664969], [140.09638772655424, 35.64640384761247], [140.09639498543135, 35.64650523428057], [140.0964210737439, 35.64660700225013], [140.09643407616662, 35.64665809867773], [140.09648859973436, 35.6467230800741], [140.09665160182087, 35.64681173202177], [140.09674172718672, 35.6469073036204], [140.0969645667764, 35.64744762892283], [140.09693738571983, 35.64758289181653], [140.09687894410763, 35.6476703034708], [140.09680667093633, 35.64774933039602], [140.0967274592122, 35.647817105556115], [140.09682230718957, 35.648061567103866], [140.0973403449331, 35.647928160756], [140.09744007921103, 35.64790247512878], [140.09740518006964, 35.64779833254039], [140.09777814670872, 35.64770842683972], [140.09797121723184, 35.647661885392665], [140.09827843154747, 35.647602057767145], [140.0986427140786, 35.64756182067059], [140.09881733207263, 35.64797676222733], [140.0989322433644, 35.64824691492926], [140.0995499196846, 35.64805964513936], [140.09970186889953, 35.64805367529642], [140.09981119314853, 35.647890872526794], [140.09987634137897, 35.647752708335126], [140.0998691472875, 35.64766540558785]]]}, "properties": {"key_code": "12103012009", "name": "千葉市稲毛区小仲台九丁目", "population": 1521, "households_total": 697, "young_pop": 140, "pop_active": 601, "senior_labor": 179, "pop_senior": 612, "family_hh": 193, "senior_hh": 360, "pop_young": 140, "rate_young": 0.03654565330440174, "rate_active": -0.021209668249887903, "rate_senior": -0.010448636608491935}}, {"type": "Feature", "geometry": {"type": "Polygon", "coordinates": [[[140.093167917568, 35.653692413570724], [140.09360357351147, 35.65346985996473], [140.0936158462118, 35.653284384272126], [140.09366697574302, 35.65307583430813], [140.09372544353633, 35.6529940219812], [140.09375317843268, 35.652892028825256], [140.09376299729053, 35.652855920239475], [140.09392842417395, 35.65274007475361], [140.09424566774328, 35.65256756427628], [140.0944132633528, 35.652586916915666], [140.09450667700264, 35.652631781444676], [140.09454791804671, 35.65257254017329], [140.09446599542034, 35.652341745936724], [140.0945522862084, 35.652319024228035], [140.09447740012513, 35.652136099214644], [140.09463957791422, 35.652082228182124], [140.09483916508182, 35.65201788981531], [140.09484644999625, 35.65204308319527], [140.09504655420554, 35.65202458467368], [140.09503213049976, 35.65169829652971], [140.09501578313473, 35.651456092726974], [140.09499814597436, 35.65134627839936], [140.09497713422243, 35.65125337184741], [140.0948794343297, 35.65111795935828], [140.09514002635956, 35.65102380467459], [140.09548975122897, 35.65096512289488], [140.09560437229422, 35.65081540889709], [140.09568681586606, 35.65068002540398], [140.0957073030235, 35.65060674547788], [140.09569323906712, 35.6505279075756], [140.09559605653752, 35.65039291649888], [140.0955474222262, 35.650308520593576], [140.09548502830808, 35.65023823838862], [140.09548700315622, 35.65022757173575], [140.09548761907323, 35.65022425082201], [140.09549180979718, 35.650201605996735], [140.09553552730088, 35.650181300456836], [140.09595630842594, 35.64999104563673], [140.09605400605173, 35.64994687105195], [140.09611260830857, 35.64990730852737], [140.09630875451205, 35.64967872355454], [140.09635686162312, 35.649602566335936], [140.09638392144143, 35.649430686170476], [140.09642732752494, 35.64921127298478], [140.09665036050865, 35.649286836147034], [140.09683001062325, 35.64929489262465], [140.09693701374337, 35.64926930749699], [140.0970715741111, 35.6492211279618], [140.0972129315248, 35.649141949283496], [140.09739899801608, 35.64900352085685], [140.09751958872752, 35.64891312050185], [140.09768971067373, 35.6487961278175], [140.0977332558521, 35.648766180761804], [140.0978401269607, 35.648701160880485], [140.09797319005176, 35.64861238750671], [140.09820412167926, 35.64846259226914], [140.09860786271696, 35.64834621642399], [140.09851013750324, 35.64804222468945], [140.09881733207263, 35.64797676222733], [140.0986427140786, 35.64756182067059], [140.09827843154747, 35.647602057767145], [140.09797121723184, 35.647661885392665], [140.09777814670872, 35.64770842683972], [140.09740518006964, 35.64779833254039], [140.09744007921103, 35.64790247512878], [140.0973403449331, 35.647928160756], [140.09682230718957, 35.648061567103866], [140.0967274592122, 35.647817105556115], [140.09680667093633, 35.64774933039602], [140.09687894410763, 35.6476703034708], [140.09693738571983, 35.64758289181653], [140.0969645667764, 35.64744762892283], [140.09674172718672, 35.6469073036204], [140.09665160182087, 35.64681173202177], [140.09648859973436, 35.6467230800741], [140.09643407616662, 35.64665809867773], [140.0964210737439, 35.64660700225013], [140.09639498543135, 35.64650523428057], [140.09638772655424, 35.64640384761247], [140.09640046364487, 35.64607429664969], [140.09638291870303, 35.6459926144317], [140.09624404909547, 35.64577884606838], [140.09607406432127, 35.645553878531125], [140.09605306122876, 35.645469422260376], [140.09607275029884, 35.64539051056376], [140.09581706014933, 35.64536290152477], [140.0956061984098, 35.64531829374019], [140.0953779549323, 35.64522865560854], [140.0951478845246, 35.645113705537874], [140.09528382807883, 35.644964087081306], [140.0954590664017, 35.644741995324026], [140.09551020266812, 35.644539081127135], [140.09553343253174, 35.64442879116265], [140.0952782593936, 35.644353295924724], [140.09520908572176, 35.64432527943728], [140.09514355258676, 35.64434795570057], [140.09499193997596, 35.644460953786115], [140.0949325988113, 35.644477983071866], [140.0942770415856, 35.644696293357086], [140.09394030088816, 35.644699840062145], [140.0937075497387, 35.64482709611169], [140.09353869970326, 35.644945763783205], [140.0934388988861, 35.645055832660205], [140.0933132879025, 35.645194124702805], [140.09313762970413, 35.6453494252297], [140.0929549519157, 35.645468123010474], [140.09276531100735, 35.645575568584434], [140.0925135989216, 35.645702864906134], [140.09214531957923, 35.64587224037827], [140.09181242591396, 35.645707190940946], [140.09174668557924, 35.64567353128034], [140.0915193545591, 35.6458711918971], [140.09124371457554, 35.64608303951328], [140.09106443600595, 35.64618764361998], [140.09092171175925, 35.64626449461947], [140.09056095304916, 35.646433779013826], [140.09029193703262, 35.64656110802911], [140.09010212136212, 35.64660939835787], [140.08995699000292, 35.64659562452524], [140.08988574027907, 35.646665808045015], [140.0898686896626, 35.64673626317428], [140.08987190121724, 35.64680914521679], [140.08987241307688, 35.64682075771478], [140.08990727023007, 35.646922086296414], [140.0899525114595, 35.64702057594229], [140.08995611368866, 35.64707408648765], [140.0899321179945, 35.64713047270467], [140.08936190122853, 35.647573918525936], [140.08940832818405, 35.64759825546097], [140.0895039602889, 35.647651076405815], [140.08959954740118, 35.64769090565591], [140.08951968263824, 35.647765121255276], [140.0894646394039, 35.647838474087706], [140.08942259849255, 35.64797859137021], [140.0894125505219, 35.64808001577897], [140.08939653213932, 35.64814282822913], [140.0893884210971, 35.64830340025305], [140.0893719143723, 35.64854285915826], [140.08937786865943, 35.648785086934396], [140.08937179513063, 35.64900318726063], [140.0893500243976, 35.64925554344485], [140.08901272432928, 35.649636523174514], [140.08869092822763, 35.650003385385425], [140.08831790599336, 35.650392397295136], [140.08857724909322, 35.650606659213395], [140.08899403706744, 35.65094536619309], [140.0892152236232, 35.65112509643725], [140.08937732984458, 35.65125685572729], [140.08955511456966, 35.65140132763591], [140.08964289930913, 35.65147416495207], [140.08994316838275, 35.65172340351117], [140.09001462089068, 35.65177440988585], [140.09010119204072, 35.651845206723564], [140.090119335648, 35.651859955824804], [140.09040542193642, 35.65208415546755], [140.0904689173496, 35.65212912257852], [140.09069734186116, 35.65229084224475], [140.0909356592659, 35.652462433453174], [140.09117298930994, 35.652642689392124], [140.09122220173163, 35.65267930583313], [140.09164797418885, 35.65300129437876], [140.0921565724138, 35.653361692712444], [140.09266613602043, 35.6536790975418], [140.0928174499351, 35.65353367248409], [140.09288224299297, 35.65351927191652], [140.0929177842372, 35.65368372963161], [140.09307442660688, 35.65374381010987], [140.093167917568, 35.653692413570724]]]}, "properties": {"key_code": "121030130", "name": "千葉市稲毛区小中台町", "population": 7400, "households_total": 3255, "young_pop": 628, "pop_active": 3226, "senior_labor": 1145, "pop_senior": 2597, "family_hh": 969, "senior_hh": 1351, "pop_young": 628, "rate_young": -0.00808061190261189, "rate_active": -0.007751934310742392, "rate_senior": 0.015987442935652796}}, {"type": "Feature", "geometry": {"type": "Polygon", "coordinates": [[[140.08465966306906, 35.65115767714477], [140.08460516267434, 35.650899424724344], [140.08445764216532, 35.650923816155306], [140.08440288974668, 35.65079675461799], [140.0844264023655, 35.650790824907524], [140.0845083868437, 35.65077019724304], [140.0850783941414, 35.650626650860175], [140.08513617565825, 35.650612094352915], [140.08510755506362, 35.65057201504659], [140.08493536602364, 35.65045477697771], [140.08481026616326, 35.65021543810794], [140.084805730872, 35.65020675196866], [140.0847963999027, 35.650188884001246], [140.08481106353412, 35.65018121338545], [140.0849110437145, 35.65012878885283], [140.08499558348535, 35.65010470336513], [140.08506291166148, 35.65010171026444], [140.08513976422796, 35.6501092952005], [140.0853697329626, 35.650204617632504], [140.08545615991824, 35.65023256853466], [140.0856089573342, 35.650225945462736], [140.0856935163484, 35.65020883275506], [140.08586955818902, 35.650152337669645], [140.08623280630462, 35.65004506458976], [140.08640047293346, 35.65000781240521], [140.08658821064154, 35.649968017246216], [140.08677312879132, 35.64988879320072], [140.0867809450605, 35.64981652696634], [140.0872482469133, 35.64953597649292], [140.08724586830928, 35.649534080213485], [140.08682729697517, 35.64919899665764], [140.08620711752687, 35.6487588826481], [140.0860010828091, 35.64859876110936], [140.0857663558855, 35.648408947472475], [140.08561990711465, 35.64829996494063], [140.0853846389664, 35.64810891926115], [140.0851497285956, 35.647935829137914], [140.08508078109278, 35.647889813995505], [140.08469454486135, 35.64833109323583], [140.08432713813346, 35.64869839271462], [140.08427313603812, 35.648747974319086], [140.0840181342474, 35.64898215818027], [140.0839460842922, 35.64904022854256], [140.08365096667742, 35.64929660733574], [140.0834221992787, 35.64947925909478], [140.08342330504718, 35.649480454459145], [140.08350663432668, 35.64959383052301], [140.08351762961323, 35.64961296152292], [140.08362393860048, 35.64979790670142], [140.08364746984455, 35.649838876585015], [140.08366711363257, 35.649885311508775], [140.08373814880702, 35.650053253124526], [140.0837575837164, 35.650170354457245], [140.0837618708157, 35.650196118838146], [140.08377176981412, 35.65038147608669], [140.08383348907523, 35.650694112862055], [140.0838490379727, 35.65075691341242], [140.08391512700982, 35.6510238556483], [140.0839376867848, 35.651099156544014], [140.0839887813214, 35.65126978036947], [140.08465966306906, 35.65115767714477]]]}, "properties": {"key_code": "121030130", "name": "千葉市稲毛区小中台町", "population": 7400, "households_total": 3255, "young_pop": 628, "pop_active": 3226, "senior_labor": 1145, "pop_senior": 2597, "family_hh": 969, "senior_hh": 1351, "pop_young": 628, "rate_young": -0.00808061190261189, "rate_active": -0.007751934310742392, "rate_senior": 0.015987442935652796}}, {"type": "Feature", "geometry": {"type": "Polygon", "coordinates": [[[140.1531000450275, 35.675361128136345], [140.15309131854173, 35.675342209691394], [140.15296039172122, 35.675345899757446], [140.1528363405992, 35.67534851609438], [140.15283569333587, 35.67534851780279], [140.15276898530678, 35.67527820508236], [140.15270604663297, 35.67521189701244], [140.15258801510473, 35.675071796120065], [140.15254082350293, 35.67501576289041], [140.15254032625674, 35.67501516510275], [140.15249750567477, 35.67499520958511], [140.15246769733602, 35.6749812737252], [140.15246676793453, 35.67498085477099], [140.15245406106914, 35.67494247469624], [140.15243041272805, 35.67487141590936], [140.15247010959024, 35.674826877236704], [140.15247221468204, 35.67482451324901], [140.15251943774302, 35.67475749124505], [140.15251933036512, 35.674757104782024], [140.15248127365453, 35.67460443406477], [140.15258427300247, 35.67456571551594], [140.15265064151907, 35.67452265558043], [140.1526719843748, 35.67445781512849], [140.15264083603563, 35.67433360982751], [140.15262126885682, 35.674295742169264], [140.15262083280962, 35.67429493296808], [140.1526459141034, 35.67419874739703], [140.15267565946925, 35.67407684655219], [140.15269747885932, 35.674023623166285], [140.15271585083326, 35.67395516485141], [140.15271621247285, 35.673953860347], [140.1527163684019, 35.67394467044587], [140.1527172592997, 35.67389153860683], [140.15270756848443, 35.67384653216982], [140.1526815893269, 35.67382403192656], [140.1526353038881, 35.67380619817454], [140.15260672397375, 35.67378585279189], [140.1526063749415, 35.67378539517382], [140.15259024015393, 35.67376406658178], [140.15259058495093, 35.673742235134974], [140.1525908239892, 35.67372607367922], [140.15259085857804, 35.67372424328212], [140.1525915169217, 35.6736832579874], [140.15259197033984, 35.673655969719505], [140.15259237995514, 35.67365554723354], [140.15260829873682, 35.67363832306609], [140.15263763081933, 35.673619092075754], [140.15268981521635, 35.67358497730577], [140.15269796093247, 35.67356590922965], [140.15269826087714, 35.673565202886955], [140.15269739506056, 35.67344972039434], [140.15269734444325, 35.673442010631646], [140.15269749340356, 35.67344165732537], [140.1527542830568, 35.67331648100957], [140.1527583872231, 35.67329052130236], [140.15274393317148, 35.6732091221215], [140.15273523188694, 35.67319653980744], [140.15271960942462, 35.673173976752075], [140.15268933418346, 35.67316138236083], [140.15263306904626, 35.673156706759094], [140.15243973119516, 35.67319506643168], [140.15243919096753, 35.67319468056053], [140.15242229203506, 35.673182331658275], [140.1524080111586, 35.673171701627076], [140.15240760065655, 35.673171385280995], [140.15233896775868, 35.67307245337522], [140.15230753441585, 35.673040039141654], [140.15230116432082, 35.673033189957984], [140.15201403071663, 35.672959305698576], [140.15201396527354, 35.67295895213309], [140.15199656727452, 35.67286414752126], [140.15199595121956, 35.67286076882918], [140.15196914807927, 35.67286471158891], [140.15195711616911, 35.67286650455199], [140.15195663555602, 35.672864990466586], [140.15186751288556, 35.67243842504935], [140.1519083912192, 35.672436592677315], [140.15192066593397, 35.67243603165558], [140.15191255430855, 35.67224993928341], [140.15185026182024, 35.67224844831391], [140.15183811190008, 35.67224816371682], [140.15183798006146, 35.672247213978004], [140.15182797482746, 35.672172034717065], [140.15179181328892, 35.672171601288824], [140.1517340755129, 35.67217087340982], [140.1516954857931, 35.67205739106117], [140.15189814931745, 35.672021296106756], [140.15195472259484, 35.67201121842951], [140.1519415786437, 35.67196101072419], [140.1519183346965, 35.6718874504709], [140.15188303898236, 35.67177290294831], [140.15185207176398, 35.67167239340941], [140.1517982802335, 35.67150673711519], [140.15176733582322, 35.67141147443617], [140.15174112823397, 35.671199410006246], [140.15170908582553, 35.671198473547264], [140.15170528919805, 35.671198271745766], [140.15163134523175, 35.670889298740825], [140.1517846403433, 35.670808689055214], [140.1517397121497, 35.67053203278222], [140.15181348361222, 35.67051743660207], [140.15203255528027, 35.670474116083064], [140.15202839776393, 35.670459128663985], [140.15202045313717, 35.67043041926401], [140.15198668379654, 35.67030840377409], [140.1519236408302, 35.670077705600036], [140.1517873956296, 35.66966873900365], [140.15172878678783, 35.66952989658894], [140.1516812857828, 35.66941739328232], [140.1516800661549, 35.66941450968841], [140.15161867178978, 35.66928056679319], [140.15147704095403, 35.66885281989873], [140.1510564885368, 35.66823146101076], [140.15069087808345, 35.667514191222814], [140.15067753141537, 35.66746708360615], [140.15058399620102, 35.66713704875779], [140.15047131042525, 35.66658469367599], [140.15042719985544, 35.666368530902574], [140.1503963849306, 35.66600118763141], [140.15050137853757, 35.66546576206055], [140.1505933258671, 35.66487741838212], [140.15075135216546, 35.664899679168805], [140.15079616679128, 35.664874177065414], [140.15101885548043, 35.66439762828628], [140.1509945843345, 35.66438079220954], [140.15102028188159, 35.6643271742274], [140.15104436405176, 35.664296164645734], [140.1510732273229, 35.66421412584241], [140.1511428103243, 35.66404839966271], [140.1512008083079, 35.663865839498335], [140.15120092207857, 35.66378521482523], [140.15118256066629, 35.66377924235572], [140.15117999015183, 35.663778403363565], [140.15116029076668, 35.663771977424446], [140.15114785153602, 35.66357872141689], [140.15113006447618, 35.66342325731384], [140.15112993101823, 35.66342241323767], [140.1511202445342, 35.663258759324215], [140.15106326597385, 35.662969468930065], [140.1508686770256, 35.662315155692724], [140.15086857494336, 35.662289384204165], [140.15086823634545, 35.66220390227478], [140.1508507477142, 35.66215113686124], [140.1509898046252, 35.66205317988512], [140.15099077261274, 35.66205264925307], [140.15100261172557, 35.66203508461395], [140.15107226825182, 35.66193681554622], [140.1510857373488, 35.66191192409179], [140.15108637991204, 35.661910760576376], [140.1511562808233, 35.66178168449502], [140.15117431772336, 35.66174928308525], [140.15117530280705, 35.661747624674845], [140.15129778523928, 35.661539125393034], [140.15146125556578, 35.66139702841118], [140.15160639937798, 35.66125705409894], [140.15177088829756, 35.66107735289603], [140.15227628318894, 35.66059475708917], [140.15238607458738, 35.66050525644275], [140.15252250719587, 35.660394033974924], [140.15253018288746, 35.6603877823254], [140.1530127597571, 35.6601626762453], [140.1529504867838, 35.660066337940414], [140.15247243008065, 35.65956304191472], [140.15237752840494, 35.659414858009576], [140.15234982191376, 35.659353353913545], [140.15233212885144, 35.659314039064135], [140.15232230943653, 35.65928621678042], [140.15231764042224, 35.65927299071427], [140.15232184486808, 35.659228760706704], [140.1523247028987, 35.65919939088008], [140.15233498018839, 35.659179648308225], [140.15296291422084, 35.658995038123955], [140.1533572301825, 35.658866381403854], [140.15363280662572, 35.65873046600794], [140.15450119864133, 35.65832060114762], [140.15450948868792, 35.658316671438456], [140.15519134203996, 35.658014179687264], [140.15519920297095, 35.658010673272685], [140.15563259001001, 35.657826034510926], [140.15618887771583, 35.65755766681645], [140.15619846491168, 35.65755464950668], [140.15665294582925, 35.65741279853508], [140.1568373147382, 35.65734669806244], [140.15683423119782, 35.65730780581437], [140.1568161197941, 35.65709207354647], [140.15678279424125, 35.656678957931035], [140.15670508749332, 35.656699864696755], [140.15660641609853, 35.65635130801751], [140.1566034409101, 35.656340824915546], [140.15644396914334, 35.65569855166231], [140.156268367571, 35.65494401420562], [140.15621328729924, 35.654796678763425], [140.1561952667951, 35.65475154482859], [140.15607054155092, 35.65443918123805], [140.15605157853207, 35.65437434539723], [140.15596770175884, 35.65413565543965], [140.15592435814642, 35.65395086440668], [140.15462700344, 35.654342951751985], [140.15454013373065, 35.654169752858934], [140.1537017219068, 35.65448268029176], [140.15380263708664, 35.65467394037582], [140.15378807636145, 35.65467890682868], [140.15317489481006, 35.65488822798786], [140.15318632898754, 35.65491009667026], [140.15320795789003, 35.65495151417663], [140.15307254703504, 35.65499784696032], [140.15306914363325, 35.65499905286829], [140.1528707208874, 35.6550715329455], [140.1528673838214, 35.65507280908897], [140.15267908374233, 35.65514142497224], [140.1526785653993, 35.65514160290689], [140.15247590802844, 35.6552125443801], [140.1524716217228, 35.655213963263904], [140.15231298273443, 35.65527211596748], [140.1525235934523, 35.655692639808294], [140.15246062350138, 35.65571435096001], [140.15152076967047, 35.656038412133675], [140.1499040332282, 35.656595841126304], [140.15040322393332, 35.65746486054091], [140.15034802662706, 35.65748753596175], [140.15028680178048, 35.657513712088104], [140.14980136170135, 35.65771145837582], [140.14936163133976, 35.65790412076511], [140.14825460908278, 35.65839424052946], [140.14789767168992, 35.65855007007688], [140.1478915294048, 35.65890800037095], [140.14772973974655, 35.658896938667546], [140.14758462569213, 35.6588916787719], [140.14733066284833, 35.65888106528143], [140.1469171584062, 35.66024216736392], [140.14685570086834, 35.66044445526154], [140.14685934088152, 35.66049232745326], [140.14686297955035, 35.66054019964733], [140.1469608686765, 35.66083568705309], [140.14703420024992, 35.66103547435578], [140.14724578760968, 35.66169112029456], [140.14732396563429, 35.661800802262604], [140.14764997858282, 35.66160554573469], [140.14784428826692, 35.66182192391178], [140.1480733810434, 35.662094543899755], [140.14838644383627, 35.662435529818715], [140.1484677864566, 35.66237300263878], [140.1485735580026, 35.662477648139685], [140.14845816662205, 35.662560331226615], [140.14848350371872, 35.66263423678448], [140.14861378326202, 35.663045793369996], [140.14920290917735, 35.662874565945465], [140.14925468290804, 35.66330678061697], [140.14933602440337, 35.663381243430706], [140.15021481363235, 35.66414926200986], [140.14966929530937, 35.6647566015659], [140.14989128135431, 35.66477225358377], [140.14988779581103, 35.66487823694828], [140.14988687938197, 35.66552038713287], [140.14986462051, 35.66600768037989], [140.14985730414946, 35.66634002210285], [140.1499389064934, 35.6668834112146], [140.1500014805457, 35.66741558333384], [140.15004265448187, 35.66778444895751], [140.15006767289705, 35.66798999496147], [140.15007651559986, 35.668060280523854], [140.1500803766557, 35.668065728113646], [140.15020412808843, 35.66824034932317], [140.15094956932282, 35.66880882343774], [140.15092251406966, 35.66928239760074], [140.15100627802096, 35.6693836804205], [140.1510078610106, 35.66938554114492], [140.15104941445443, 35.669434582270895], [140.15107260688598, 35.66946191282442], [140.15108587706214, 35.66947852986856], [140.1513197603035, 35.66966740061426], [140.15141140138897, 35.670168027862516], [140.15137384704315, 35.670263191170385], [140.1514114623077, 35.6704252281522], [140.15146924954206, 35.67067974143559], [140.15146942517916, 35.670680514465374], [140.15146920954598, 35.67071896353505], [140.15145023759493, 35.67075577086232], [140.15142721996887, 35.67080037106746], [140.15141430994618, 35.67082536804952], [140.15141423167182, 35.6708274098126], [140.15141262767628, 35.670875086674265], [140.1514422815497, 35.67108055726944], [140.15146479266448, 35.671236403159895], [140.1514885445826, 35.67140618734532], [140.1515672966786, 35.671692261789026], [140.15167528956124, 35.672084660602465], [140.1516889029953, 35.67213409387079], [140.151652690836, 35.672164503121124], [140.1515844591881, 35.67222182708138], [140.1515915536951, 35.67224832114039], [140.15162984957743, 35.67239099041034], [140.15166791763565, 35.67253588007657], [140.1517017842514, 35.67265511390038], [140.1518089853479, 35.672686342901045], [140.1518400663702, 35.6726954153173], [140.1518857920205, 35.672867220299786], [140.1519146996418, 35.67297590425586], [140.15197334047627, 35.67313506799513], [140.15204155655655, 35.67332019192515], [140.15213217764745, 35.67366633766388], [140.1521477959521, 35.673726045208745], [140.1523176035817, 35.674374847347075], [140.15220420709682, 35.674392714562195], [140.15210129167357, 35.67440890117104], [140.1520493784623, 35.67444695800858], [140.15203726636568, 35.674455827028986], [140.15201991670804, 35.674520339932734], [140.15202042046073, 35.67452259196574], [140.15202112413357, 35.674525617239404], [140.1520392323087, 35.674604472346815], [140.15208289114764, 35.67490866681859], [140.15214615730414, 35.67517900924949], [140.1524284312955, 35.675129360753495], [140.15249579174744, 35.67540912852684], [140.15252463641778, 35.675528901704], [140.15272906620214, 35.676338868189085], [140.15279867553932, 35.67712806493911], [140.15273008828473, 35.6772549973225], [140.15264061309927, 35.677342550905614], [140.15225902701505, 35.67760198821902], [140.15222624963164, 35.677611934318854], [140.1520694790753, 35.67771656469098], [140.1519093620705, 35.67784796087602], [140.15200675126883, 35.67796167541475], [140.15221701545843, 35.67820406331046], [140.1522535651053, 35.678400856119], [140.15225938429325, 35.67843210661992], [140.15229796699123, 35.67857565839204], [140.15226430420793, 35.679243312411934], [140.15230434999722, 35.67923764367045], [140.15293922076444, 35.67914664528371], [140.1530704310813, 35.67906517752861], [140.15310332146956, 35.67864113739363], [140.15294922572255, 35.678291671226695], [140.15294317319697, 35.67828302519243], [140.15275988741857, 35.678021766743875], [140.15279469789172, 35.6778702770665], [140.15288164812753, 35.67757992763434], [140.1528862855262, 35.677443304599265], [140.15299586776172, 35.677393090021454], [140.15312411694242, 35.67730606782836], [140.153145563491, 35.67727291386793], [140.15316737044185, 35.67710726945265], [140.15318812135237, 35.67692553822724], [140.15311362321546, 35.67661529976834], [140.15311166094253, 35.67651664914902], [140.15310826672464, 35.676345754185476], [140.15310821325673, 35.676342797890115], [140.15312083206436, 35.67632561679425], [140.15316834514897, 35.67626095472719], [140.1531711261209, 35.676255243376914], [140.15318775709943, 35.67622125782168], [140.15329772737667, 35.67599654597119], [140.15329928041893, 35.6759528843543], [140.15326256850767, 35.67583743085721], [140.15313573535033, 35.6754385638551], [140.1531340157628, 35.67543490576819], [140.1531000450275, 35.675361128136345]]]}, "properties": {"key_code": "121030140", "name": "千葉市稲毛区小深町", "population": 3899, "households_total": 1765, "young_pop": 351, "pop_active": 1782, "senior_labor": 398, "pop_senior": 1181, "family_hh": 467, "senior_hh": 601, "pop_young": 351, "rate_young": 0.031212394170978097, "rate_active": -0.007354546656370475, "rate_senior": 0.0003390405932728324}}, {"type": "Feature", "geometry": {"type": "Polygon", "coordinates": [[[140.12388570966343, 35.63496726104016], [140.12394643223323, 35.634395580259515], [140.12400806440115, 35.63381343925019], [140.1239990130635, 35.633791174819365], [140.12399292253713, 35.633776227478236], [140.12397782351775, 35.633739118473834], [140.12387724799103, 35.63349653734248], [140.12391031974352, 35.63328909417855], [140.1239825061988, 35.63298087044541], [140.12403869930904, 35.632749785367075], [140.12405575899643, 35.63268778227618], [140.12424555844632, 35.631871606137054], [140.12431197366408, 35.631376448011025], [140.1243196246393, 35.631319396872364], [140.12434452954824, 35.63103487108921], [140.12436471036156, 35.63087991576338], [140.12443079026758, 35.6303138893561], [140.12443344858795, 35.6302911040464], [140.1246367575099, 35.62862166758882], [140.12463643361517, 35.62852939241203], [140.12465001764178, 35.62837561417765], [140.12471997042647, 35.62817171037206], [140.12481382170554, 35.62806769998155], [140.12492193373373, 35.628002102094186], [140.12540648053425, 35.62782031597717], [140.12514230760243, 35.627709439333664], [140.12516742845997, 35.62748835256989], [140.12436180966213, 35.6274633507652], [140.12413556589698, 35.6274553967717], [140.1241361510304, 35.62744969193009], [140.1241564389349, 35.6272518536629], [140.12416910006039, 35.62716662397969], [140.12416017086446, 35.627086373910544], [140.1241222498238, 35.62698531549461], [140.12403717587932, 35.626904785914626], [140.12398044462253, 35.626851122819275], [140.12376799146043, 35.62663601596871], [140.12367785744698, 35.626532755648554], [140.12367731885894, 35.62637900971461], [140.12369996472867, 35.626121420383605], [140.1237371328666, 35.62597142300497], [140.12375792018895, 35.62585413629353], [140.12379980242764, 35.62570796590022], [140.12382777692247, 35.62562329938143], [140.12385100138053, 35.625531003063465], [140.1238763794825, 35.62538297018603], [140.12389946884753, 35.62525219390311], [140.12392659391858, 35.62492541297585], [140.1239215741116, 35.624840823282234], [140.12391135375236, 35.62476114005819], [140.12385991906203, 35.62467342024987], [140.12379244261592, 35.62462305649775], [140.1237060252806, 35.62453982004504], [140.12359805681666, 35.62444779608808], [140.1235119552021, 35.62445461725554], [140.1233612329923, 35.624457153128134], [140.12327511582583, 35.62445953758023], [140.12318363012403, 35.6244619691917], [140.12310019166694, 35.624459946974326], [140.12291985505362, 35.62446036876991], [140.12277444091416, 35.62443877497652], [140.12268825475792, 35.624421372512195], [140.12249427343053, 35.624366939564965], [140.12236502947079, 35.62434527232233], [140.12228975880248, 35.62437181714092], [140.1222199289869, 35.62441369984687], [140.12216353250238, 35.62444896700299], [140.12214481655027, 35.6244863648415], [140.1221288187946, 35.62453030476519], [140.12204814025716, 35.624552461762526], [140.12195669877147, 35.62456806070238], [140.121712047665, 35.624614117170246], [140.12143377012077, 35.62467549920319], [140.1211025838822, 35.62471352135562], [140.12077268737244, 35.6246878155957], [140.12045204605025, 35.624812490258876], [140.12059666563124, 35.62455891234217], [140.12039699434234, 35.62444379385578], [140.12025747976972, 35.624365712717], [140.12015405309654, 35.62431110128118], [140.1200697835582, 35.62424077931506], [140.12000958088785, 35.62418409454014], [140.11993009321176, 35.62411175343888], [140.1198240100967, 35.62398074922367], [140.11958456667446, 35.6236930680552], [140.1195303673843, 35.6237698036454], [140.1194565411884, 35.623938474348435], [140.11937080667278, 35.624061861025524], [140.1192336673599, 35.624265321936186], [140.11918794312476, 35.62439252487169], [140.11915716006376, 35.624494660621195], [140.11868639286882, 35.62409115437141], [140.11859304412448, 35.624169740602696], [140.11796728811694, 35.62372050324062], [140.11800077943064, 35.623685148182595], [140.11786005436943, 35.623612031764466], [140.1177717031443, 35.62374545761626], [140.11760321624268, 35.62361846739028], [140.1175228169017, 35.62372603406202], [140.11752215085215, 35.62372691521755], [140.1174520812744, 35.62361585857092], [140.1175594039648, 35.623450069299096], [140.11759406837444, 35.62340393778856], [140.11688500123398, 35.623160669199414], [140.11638692544784, 35.622976025428265], [140.11601166769069, 35.62371112587176], [140.1159126049518, 35.62390340678721], [140.1154085942023, 35.625159196806976], [140.11600161849168, 35.6251503405524], [140.11627697984903, 35.62516769907425], [140.11659771498233, 35.62518791007612], [140.11675053405904, 35.62519755813487], [140.11707922804072, 35.62521827872315], [140.11866798940093, 35.62531319005887], [140.11877503928065, 35.62531857524557], [140.1195176263142, 35.62536191761019], [140.12011302561592, 35.62539668954408], [140.11988585607088, 35.625616907904416], [140.11976900022603, 35.62576927265391], [140.1196798605866, 35.62595537137085], [140.1195429710347, 35.62625705912484], [140.1194041352615, 35.62660663254312], [140.11923356288227, 35.62671405730434], [140.1191250377658, 35.62678190627844], [140.11903740663985, 35.62684970668355], [140.11894446586905, 35.62699074943157], [140.1188827681831, 35.627126086576425], [140.1188442374927, 35.62746979401496], [140.1187428889513, 35.62751181962062], [140.1186946650073, 35.62754572999627], [140.11862971468634, 35.62773177243311], [140.1185095763293, 35.627946108289045], [140.11857354092115, 35.62796849228194], [140.11877579834973, 35.62803843650847], [140.11931499863735, 35.628186460186086], [140.11963285024237, 35.628230785010764], [140.11938617276013, 35.62879888846984], [140.11933478832253, 35.62891730190279], [140.11907746254607, 35.628903818120115], [140.11904283424445, 35.628872916924344], [140.11894949243577, 35.62884215222196], [140.118818781388, 35.62899173175284], [140.11843718869707, 35.62949114310822], [140.11790536643414, 35.62998245318956], [140.1175455255282, 35.6302733900592], [140.1173207322514, 35.63017814854677], [140.11725480067992, 35.630085355509166], [140.11704364556928, 35.62987389959646], [140.11681306914716, 35.630183688319185], [140.1181014737453, 35.63077062606935], [140.11819115050642, 35.630845512818894], [140.11834592619124, 35.63099580250267], [140.1189816105354, 35.63163620696585], [140.11906313013557, 35.631740228015516], [140.1194878995619, 35.63227036169857], [140.11967415809514, 35.63220232959744], [140.11988162038494, 35.632280706326405], [140.1203993631566, 35.63221471296456], [140.12105680455895, 35.63209769208752], [140.1212155646404, 35.63207197017684], [140.12168035131052, 35.63216945337397], [140.12173228921304, 35.63221157845291], [140.1221801378411, 35.63287582887488], [140.12244856595865, 35.63330063685992], [140.12279192915727, 35.63378188165699], [140.122836325857, 35.634331066542636], [140.1227094322607, 35.63483199568573], [140.12307378358568, 35.63490039790043], [140.12334509286688, 35.63495151860393], [140.1234741726944, 35.63492484793569], [140.12358175627594, 35.634907028882324], [140.12388570966343, 35.63496726104016]]]}, "properties": {"key_code": "121030150", "name": "千葉市稲毛区作草部町", "population": 4558, "households_total": 2182, "young_pop": 502, "pop_active": 2078, "senior_labor": 562, "pop_senior": 1264, "family_hh": 548, "senior_hh": 666, "pop_young": 502, "rate_young": 0.03532870030236146, "rate_active": -0.00276801040410668, "rate_senior": 0.018906540542732886}}, {"type": "Feature", "geometry": {"type": "Polygon", "coordinates": [[[140.140964728688, 35.66747020516375], [140.14109429296357, 35.667467060168185], [140.14222384533699, 35.667520172704144], [140.1434524377688, 35.66759312481449], [140.14490909218364, 35.667676675309195], [140.14617395468105, 35.66774950575261], [140.14700338400488, 35.667800844238364], [140.1478155263372, 35.66784665538788], [140.1482083662341, 35.667873695369856], [140.14886847931285, 35.66791989468151], [140.1496979148207, 35.66797406227633], [140.15006767289705, 35.66798999496147], [140.15004265448187, 35.66778444895751], [140.1500014805457, 35.66741558333384], [140.1499389064934, 35.6668834112146], [140.14985730414946, 35.66634002210285], [140.14986462051004, 35.66600768037989], [140.14988687938197, 35.66552038713287], [140.14988779581103, 35.66487823694833], [140.14989128135431, 35.664772253583784], [140.14966929530937, 35.664756601565934], [140.15021481363235, 35.66414926200986], [140.14933602440337, 35.663381243430706], [140.14925468290804, 35.66330678061697], [140.14920290917735, 35.662874565945465], [140.14861378326202, 35.663045793369996], [140.14848350371872, 35.66263423678448], [140.14845816662205, 35.662560331226615], [140.1485735580026, 35.662477648139685], [140.1484677864566, 35.66237300263878], [140.14838644383627, 35.662435529818715], [140.1480733810434, 35.662094543899755], [140.14784428826692, 35.66182192391178], [140.14764997858282, 35.66160554573469], [140.14732396563429, 35.661800802262604], [140.14724578760968, 35.66169112029456], [140.14703420024992, 35.66103547435578], [140.1469608686765, 35.66083568705309], [140.14686297955035, 35.66054019964733], [140.14685934088152, 35.66049232745326], [140.14685570086834, 35.66044445526154], [140.1469171584062, 35.66024216736392], [140.14733066284833, 35.65888106528143], [140.1471890106233, 35.65887808446219], [140.1465370385878, 35.65891591431735], [140.1462434556806, 35.65893638186341], [140.14616402772992, 35.65894221821632], [140.14558711381522, 35.65895214242637], [140.14543164575005, 35.658952539308856], [140.14489946957983, 35.65891728086368], [140.1440936351319, 35.65885071167079], [140.14346157630897, 35.6588139053306], [140.1432645778716, 35.65879750513569], [140.14272195095577, 35.65873691383462], [140.1409669843007, 35.659089224790584], [140.13887968050594, 35.65953103300757], [140.13811812901116, 35.65969372841741], [140.13728834987893, 35.65988144496255], [140.13641993526167, 35.6600509976295], [140.13629819762983, 35.660074765587886], [140.13585381690544, 35.660169554909665], [140.13580788816313, 35.66018033662769], [140.13459165843685, 35.66043902228298], [140.13408935212888, 35.66053782176535], [140.13283996329645, 35.66080826401445], [140.13142460099505, 35.66108758654372], [140.13250667631672, 35.661966805536295], [140.13317380828138, 35.662517239478674], [140.1339639134605, 35.66315352043239], [140.13313902418196, 35.66382874405975], [140.1320007083275, 35.664775137227025], [140.13214605060963, 35.66483956448633], [140.13257089114813, 35.66526384185872], [140.1328548260318, 35.665432144756814], [140.1330288464369, 35.665766902885295], [140.1329651480121, 35.66582670346163], [140.13319095507018, 35.666158516742385], [140.13335210114562, 35.66628768697537], [140.13347688714268, 35.66639159648982], [140.1336957943467, 35.66672342526882], [140.13398779760806, 35.66719872363586], [140.13404162027774, 35.667266190927954], [140.13430969022747, 35.66780069765838], [140.13702973718395, 35.66560536821977], [140.13853789585755, 35.6668183919103], [140.1388030150647, 35.66703179199312], [140.13977514274177, 35.667806740789615], [140.14003400747453, 35.66803589091352], [140.14097144138276, 35.668765847321936], [140.14094964780452, 35.66804202345611], [140.1409622015159, 35.667693713530554], [140.140964728688, 35.66747020516375]]]}, "properties": {"key_code": "121030160", "name": "千葉市稲毛区山王町", "population": 8125, "households_total": 3394, "young_pop": 829, "pop_active": 3391, "senior_labor": 865, "pop_senior": 2855, "family_hh": 902, "senior_hh": 1251, "pop_young": 829, "rate_young": 0.0, "rate_active": -0.0027492227099484845, "rate_senior": 0.0027546681073356005}}, {"type": "Feature", "geometry": {"type": "Polygon", "coordinates": [[[140.10152070204384, 35.65285465538672], [140.10165148090775, 35.65270789362763], [140.10185393046743, 35.65282236384846], [140.10224095149292, 35.65238708876948], [140.1021280751998, 35.65231593783053], [140.10223879096654, 35.65218809188983], [140.10235649235904, 35.65225715514328], [140.10251685556636, 35.65207680781483], [140.1020594664076, 35.65179971539943], [140.10265310942256, 35.651139553298606], [140.10253371950373, 35.65107503601868], [140.10265073455935, 35.6509480212305], [140.10274416148945, 35.650995696232116], [140.10293336063, 35.65075866708026], [140.10312718202712, 35.6508737180182], [140.10314706566314, 35.65098099174023], [140.10289588522156, 35.651271678015576], [140.10297669382106, 35.6513190983368], [140.10263782602823, 35.65172264985124], [140.10279006054586, 35.65179836025102], [140.10254338039667, 35.65208213483996], [140.10266681686275, 35.65215005824968], [140.10312032145748, 35.65241955228927], [140.10383610186938, 35.65161236014028], [140.1041340157771, 35.651795622482204], [140.10448968010184, 35.65143681397121], [140.1046333626756, 35.65153479450142], [140.10474411570945, 35.651596512378156], [140.1047817171021, 35.6514781250994], [140.10514797904295, 35.65151391480766], [140.1051513740478, 35.651491373350126], [140.10542783964002, 35.65153299867324], [140.10547810636749, 35.65140352581335], [140.10599063012373, 35.65139563942684], [140.10739235915406, 35.65138572682572], [140.10768361349892, 35.65138087256682], [140.10798171200588, 35.65138403016554], [140.10803488529848, 35.65124821380001], [140.10817018268037, 35.650915531773336], [140.10827289706805, 35.65065334209969], [140.10856746889272, 35.6498309598715], [140.10862453607635, 35.649449798753594], [140.10850002713747, 35.64940783293091], [140.10873005307485, 35.648845722032775], [140.10913788192605, 35.64791527049093], [140.10921161433868, 35.6480060462197], [140.1092969319756, 35.64797983237536], [140.10939455975608, 35.64794017645106], [140.10944111754154, 35.64771508643833], [140.10945525770336, 35.64763784049186], [140.1095737629352, 35.647387411466944], [140.10977011994794, 35.647031072417306], [140.11005137042824, 35.646547882154614], [140.11013020319268, 35.64641244221148], [140.1099575646654, 35.646370091309386], [140.1108033013736, 35.64511913056058], [140.1115885486587, 35.64411704329478], [140.11205864141567, 35.643571442942445], [140.11227017881595, 35.64334421994652], [140.11310109039513, 35.64251985800633], [140.1140484643019, 35.6416888842777], [140.11395487401919, 35.64158770121789], [140.1134159150723, 35.64102139111587], [140.1132246932851, 35.640892969270844], [140.1130450785308, 35.64073572095457], [140.1124889174208, 35.64017786091747], [140.11213105251088, 35.639796322865], [140.11221581400198, 35.63952386552809], [140.11193788336982, 35.639519080192606], [140.1118510166828, 35.6395167433636], [140.11152588997612, 35.6393743663467], [140.11121451032594, 35.63915643614083], [140.11124311646455, 35.63911193849329], [140.11101861113656, 35.639019325686895], [140.1107473756712, 35.6389071030418], [140.1101973805507, 35.63865204106047], [140.1100279549875, 35.63859609345223], [140.10989354703827, 35.638600975764795], [140.10980037680272, 35.63862090372214], [140.10934268423668, 35.638653981003024], [140.10749698254108, 35.63872858989392], [140.10716574316362, 35.63874799994831], [140.10699738169006, 35.63876545606504], [140.1069296429158, 35.63883246985623], [140.10658564558233, 35.638785927291465], [140.10640250323215, 35.63875817411968], [140.1060935597616, 35.639378286586506], [140.10554837914367, 35.63948823732162], [140.10524804824124, 35.63952834594917], [140.10498742921004, 35.63956558324904], [140.1047940880467, 35.63958291724567], [140.10463443566357, 35.639592125357666], [140.10408276508906, 35.639623944791666], [140.1038133807751, 35.63962732894538], [140.10366140866594, 35.63962766869141], [140.10320895135382, 35.639617412399595], [140.10271842655996, 35.63959319104075], [140.10250350029023, 35.639578742252866], [140.1024709901233, 35.63983246286626], [140.10244054412462, 35.64007004906311], [140.10242867414175, 35.64016266250315], [140.10239474721553, 35.64034441378208], [140.10239079690254, 35.64036918836631], [140.10237194390695, 35.64048740999576], [140.10236544556312, 35.64053632889554], [140.1023485856556, 35.64066335533914], [140.10233996446632, 35.640728307580325], [140.10233077073147, 35.64082141789636], [140.10232660184118, 35.64086353749697], [140.10231794516423, 35.64094063010834], [140.10230983461673, 35.64101285834771], [140.10228538360877, 35.64127383657682], [140.10228403228012, 35.641288244763686], [140.10224220697273, 35.64155165641742], [140.1022420604953, 35.6415525771127], [140.1021275583901, 35.64198712750124], [140.10182732889604, 35.64197346536198], [140.10136659334418, 35.64189329871104], [140.10109651292478, 35.64187287921696], [140.10098601741467, 35.641875940944445], [140.10079263807856, 35.641890452958755], [140.10059929924688, 35.64191059794322], [140.10037448216983, 35.64181814504566], [140.1002810922004, 35.64177127725976], [140.09970269040295, 35.641811179187805], [140.0991052056695, 35.64182094612575], [140.09866686381022, 35.64190922777397], [140.09824362007302, 35.641869209144296], [140.0980985629962, 35.64186822521653], [140.09782401933236, 35.64188009384479], [140.0975134670078, 35.64196527479328], [140.09743403513855, 35.64197108201074], [140.09725502455288, 35.64214329215774], [140.09719651398058, 35.64220820416851], [140.09747032357137, 35.64248726742955], [140.09721150412605, 35.642565892103306], [140.09729477709539, 35.642670877835876], [140.09746286238314, 35.64288341698199], [140.09761045227418, 35.643041638982695], [140.09780362022113, 35.64300776667425], [140.097997141552, 35.64304114242041], [140.09831470699507, 35.64308435018394], [140.09864340831982, 35.643149573151476], [140.09922037934246, 35.64319900255577], [140.09951406993136, 35.64322933805666], [140.09970237163589, 35.64324863896453], [140.10012746705672, 35.64332938277226], [140.10003510879648, 35.6441267080979], [140.10000595538673, 35.644185922956275], [140.09997180611714, 35.644298665830334], [140.09998578936492, 35.644352151829175], [140.1000205208919, 35.644405591880215], [140.100514799498, 35.64451434682061], [140.10056292599327, 35.64444663974886], [140.100618049568, 35.64440145056781], [140.10070196327297, 35.64437457628497], [140.1007140497609, 35.64431958957918], [140.1008334337667, 35.6442968262847], [140.10097430096636, 35.64428151399887], [140.10117342520422, 35.64428607152068], [140.10152279326994, 35.644343105789744], [140.10159196772108, 35.644371118465116], [140.10177753632652, 35.6444796403219], [140.10176542219205, 35.64451966406255], [140.1019924237034, 35.644616650395186], [140.10202941445402, 35.644522243515915], [140.10214189229671, 35.64458677589212], [140.10223051038105, 35.64474431149399], [140.10227585280128, 35.64487941031121], [140.10182218144487, 35.64503252572567], [140.1016844847835, 35.6451708525661], [140.10141494356927, 35.64564748066407], [140.10088411180723, 35.64597286763307], [140.1006878398347, 35.64615075789518], [140.10055353268586, 35.64627217565511], [140.1004726175684, 35.646350942116776], [140.10041311750985, 35.6466355640818], [140.10041694560996, 35.64674822484606], [140.10042425626895, 35.64686369460864], [140.1004002787241, 35.646923180864924], [140.1000759125114, 35.647025021070284], [140.10001051050722, 35.64708713414955], [140.10004937784808, 35.64735182078513], [140.09981303337403, 35.64740920728805], [140.0998565992714, 35.64754700246518], [140.0998584188151, 35.64755276008126], [140.0998691472875, 35.64766540558785], [140.09987634137897, 35.647752708335126], [140.09981119314853, 35.647890872526794], [140.09970186889953, 35.64805367529642], [140.0995499196846, 35.64805964513936], [140.0989322433644, 35.64824691492926], [140.09881733207263, 35.64797676222733], [140.09851013750324, 35.64804222468945], [140.09860786271696, 35.64834621642399], [140.09820412167926, 35.64846259226914], [140.09797319005176, 35.64861238750671], [140.0981455240813, 35.64880706701123], [140.09824552418655, 35.6487645957798], [140.09856009302075, 35.6491955316219], [140.09880159874157, 35.649823870036435], [140.09895174002654, 35.65005662249088], [140.09895823134957, 35.65019251601987], [140.0989773652091, 35.650490342592285], [140.09897981644124, 35.65048825653541], [140.099202917397, 35.65029830625493], [140.09931878246394, 35.65034875114244], [140.09933287695276, 35.650428996802866], [140.09936588146866, 35.650488075131655], [140.09956049547225, 35.65059679320105], [140.09957945862348, 35.65058548428196], [140.09967531927302, 35.650335990717124], [140.09987749906935, 35.650379202528], [140.09993570003604, 35.65022697003236], [140.10037869373232, 35.650339149034274], [140.10061058088579, 35.650473836768384], [140.10077091961375, 35.650620160827565], [140.10107396911502, 35.65116001651788], [140.10118722430764, 35.65128084831382], [140.10153557565593, 35.65111670134589], [140.10173273422964, 35.651192312935876], [140.10148146453332, 35.65145764613596], [140.10169953035074, 35.65159236237566], [140.10164390159935, 35.651995278586284], [140.1014372844618, 35.652192910612015], [140.10121322586667, 35.652328613188374], [140.10109953244825, 35.652424635317495], [140.10105484619478, 35.65248388616592], [140.10102403676763, 35.652571273367315], [140.10107540957677, 35.65261460749253], [140.10121492097088, 35.65267890470553], [140.10152070204384, 35.65285465538672]]]}, "properties": {"key_code": "12103017001", "name": "千葉市稲毛区園生町", "population": 12939, "households_total": 5451, "young_pop": 1085, "pop_active": 5474, "senior_labor": 1420, "pop_senior": 4107, "family_hh": 1820, "senior_hh": 2127, "pop_young": 1085, "rate_young": -0.009144598160792161, "rate_active": -0.009272371953385261, "rate_senior": 0.010500595100067844}}, {"type": "Feature", "geometry": {"type": "Polygon", "coordinates": [[[140.12074895844015, 35.65854454619686], [140.12141311420135, 35.65823540955371], [140.1214969885332, 35.658272531455644], [140.1221726977849, 35.65792447194554], [140.12224853195656, 35.6578862671023], [140.12274533549342, 35.657730174130975], [140.12285912383427, 35.657676387316556], [140.12318920612327, 35.65751632064404], [140.12358669154034, 35.65744246269414], [140.1239147093342, 35.657396618138925], [140.12478576847306, 35.657117102809075], [140.12597268488037, 35.65671993645923], [140.12581885833086, 35.656555841853276], [140.12567450674493, 35.6564220745208], [140.12555305163528, 35.65627871076538], [140.12531376030608, 35.65602577467337], [140.12510888882682, 35.65581715467854], [140.12510787111617, 35.655816100822506], [140.12510265116927, 35.6558104797631], [140.1248769733813, 35.65556877672073], [140.125211609902, 35.65535450986419], [140.12532534216672, 35.65528100493563], [140.12566192792207, 35.65509859803316], [140.1258838566802, 35.65497832333398], [140.12605453481518, 35.65488778221477], [140.12629588053443, 35.654763272059505], [140.12635792439994, 35.65472369025359], [140.12670268561862, 35.654536965472026], [140.12717849392985, 35.65428795964312], [140.12735930563696, 35.654190985151935], [140.12752957617568, 35.654102133715725], [140.12812859860077, 35.653780371231605], [140.12843690243648, 35.65361735570043], [140.12853459886463, 35.653572019199785], [140.12883069989178, 35.65343455859546], [140.12883741860284, 35.65343154973971], [140.128848609347, 35.6533784985704], [140.12890455256064, 35.65327742155467], [140.1290430977149, 35.65311122423064], [140.12924096340853, 35.6528665139791], [140.12924488754567, 35.65286037731617], [140.12926911796163, 35.652822507160835], [140.12935184717523, 35.65269316772899], [140.12937448242656, 35.652643996965644], [140.12941549428214, 35.65255514038375], [140.12941733972167, 35.65248933220138], [140.1294095204895, 35.652469529595656], [140.12940496589954, 35.65244602123844], [140.1294023164049, 35.65244109852355], [140.12932836484424, 35.65206803975568], [140.1289185745575, 35.65133645527374], [140.12876915560895, 35.65107254409006], [140.12833827933855, 35.65098805584334], [140.12825677896933, 35.65096825384658], [140.1280340320695, 35.65091836764366], [140.12786133493984, 35.650921596749725], [140.12768178556775, 35.650944558310044], [140.12751625608365, 35.65101818536469], [140.1273714552511, 35.6510973960438], [140.12725446377922, 35.65121878963623], [140.12717893050896, 35.6513400843713], [140.12711394755982, 35.65145709435028], [140.1255055402027, 35.65227773650627], [140.12477804516226, 35.652651252896035], [140.12422968416593, 35.65197092354949], [140.12358153556147, 35.65231326281954], [140.12318333677499, 35.65252263004843], [140.12264208692966, 35.652819647401714], [140.1224214379333, 35.65293846346306], [140.12221689746892, 35.65273896180778], [140.1217331662419, 35.652224649902124], [140.1213735391357, 35.65180044078939], [140.12117926003242, 35.65157838878349], [140.1208380192135, 35.651311619244446], [140.1204743203494, 35.651036451651116], [140.12022978965257, 35.65076663347336], [140.1198662446563, 35.65006896556501], [140.11934449830818, 35.64908155342141], [140.1192023992836, 35.64894950574031], [140.11898196394955, 35.64885182942698], [140.11882547125907, 35.64883491059461], [140.11865277877155, 35.64883531687947], [140.11846475571227, 35.64864165654776], [140.11836407557826, 35.648458211730485], [140.11810020399156, 35.64752743131714], [140.11828066414336, 35.647482646279435], [140.11786645199632, 35.64586956314546], [140.117723851491, 35.64545447485943], [140.11742276055546, 35.64516819375942], [140.1169994657853, 35.6449910615572], [140.11666002538763, 35.644886473429665], [140.11591018135118, 35.64385701217857], [140.11569851649756, 35.643580452198535], [140.1156048151581, 35.643462370887356], [140.11526562700615, 35.6430461894734], [140.1151417303065, 35.64290293363812], [140.1149925969374, 35.64273428073488], [140.11491009841495, 35.64262451724451], [140.11466451069654, 35.642326134009096], [140.1140484643019, 35.6416888842777], [140.11310109039513, 35.64251985800633], [140.11227017881595, 35.64334421994652], [140.11205864141567, 35.643571442942445], [140.1115885486587, 35.64411704329478], [140.1108033013736, 35.64511913056058], [140.1099575646654, 35.646370091309386], [140.11013020319268, 35.64641244221148], [140.11088423134782, 35.646663734784866], [140.11102645069832, 35.64668478185629], [140.1111508294909, 35.646704214693884], [140.11125950209959, 35.64691874071586], [140.11134912908403, 35.64712626722857], [140.111502395487, 35.647497721470806], [140.11156488169433, 35.64759193905623], [140.11168707088675, 35.64772333944534], [140.11163549962836, 35.647789649580915], [140.11163748184075, 35.64786287931251], [140.11147154034825, 35.64805831619116], [140.11185058333024, 35.64841914702594], [140.11207346340996, 35.64844398571209], [140.11241170886882, 35.64855401031556], [140.11260904276816, 35.64869157449671], [140.1129813154494, 35.64898787888322], [140.11319435554742, 35.64893175846923], [140.11358955284646, 35.64887451236278], [140.1137663487482, 35.64882128982251], [140.1144884120112, 35.64866963139905], [140.1145868380791, 35.64867362723074], [140.11479597464836, 35.64873229262852], [140.11493509508637, 35.64876506583342], [140.11520718956376, 35.64880598113507], [140.11555148468716, 35.64876081698843], [140.11570582114544, 35.648706237985664], [140.11585323840325, 35.648647447720286], [140.11592046654, 35.64861208329296], [140.1161842441685, 35.64850584294559], [140.11611210527914, 35.64837010766036], [140.1163300427648, 35.64823791919275], [140.11647048538663, 35.64814129674878], [140.11657456022823, 35.64805567419783], [140.11672257185802, 35.64792294533233], [140.11676384202025, 35.64787919008018], [140.11682748624443, 35.64780721700065], [140.11686526597276, 35.647752203206444], [140.11692868837255, 35.64762530503749], [140.1169337111672, 35.64758304328126], [140.1170079917579, 35.64758991204948], [140.11738101981825, 35.64761439028709], [140.11767498175533, 35.6477334101371], [140.11770275862028, 35.64777418727166], [140.11779185238154, 35.64806409489167], [140.11784957319503, 35.64826675932854], [140.11775999574365, 35.64856060691305], [140.1176560656221, 35.64870379558761], [140.1173776641512, 35.649063571912045], [140.1170407901318, 35.649495310426715], [140.11663777706556, 35.650015224189836], [140.11629442591223, 35.650323748346786], [140.11608875599046, 35.6505108336931], [140.11644322293776, 35.65040649192526], [140.1165579596554, 35.65014849897211], [140.11761836268022, 35.65162758007432], [140.11720729347113, 35.65207076167322], [140.117630518164, 35.6523535455968], [140.11790487951674, 35.65206348883118], [140.1180990362529, 35.65283502625007], [140.11810154119286, 35.65284651418447], [140.11810342390186, 35.652855211132085], [140.11810627471147, 35.65286838164457], [140.1181097507203, 35.652885154575905], [140.11811266463167, 35.65289788428604], [140.1181175818916, 35.65292059630891], [140.11811812656464, 35.65292761796689], [140.11811902752046, 35.65294507582479], [140.11812027318447, 35.6529692482898], [140.11812123358038, 35.65298784642386], [140.1181226576507, 35.65301546392324], [140.11812393146351, 35.65304014463999], [140.11812510384792, 35.653062892443764], [140.11812614266103, 35.65308302745148], [140.11811484133162, 35.65308445196878], [140.1180818226311, 35.653088612852294], [140.11803511417816, 35.653094499285594], [140.11802089217358, 35.65309629156199], [140.1179923464307, 35.653099890103], [140.11796708112553, 35.653103073813526], [140.117942862136, 35.65310612522372], [140.11791149946265, 35.65311007751447], [140.11788168235057, 35.65311383581264], [140.1178668438614, 35.653115705992064], [140.1178280807922, 35.65312059055667], [140.11780718940088, 35.653123223708896], [140.11777175999435, 35.653127687809786], [140.1177528797175, 35.653130067559744], [140.1177275018664, 35.65313326579182], [140.1176632881474, 35.65314135860785], [140.11764339656912, 35.65314386505128], [140.11760074326358, 35.653149240066305], [140.117570356115, 35.65315307005069], [140.11755765538464, 35.653154670002436], [140.11753160722878, 35.65315575782673], [140.11748827831798, 35.653157565154515], [140.11744947026102, 35.653159184142766], [140.11742015343685, 35.65316040671095], [140.11739158335078, 35.653161598909534], [140.11736544959305, 35.65316268965067], [140.11732650201975, 35.65316431442948], [140.11732333108284, 35.653164446213296], [140.1172957436135, 35.653165598120715], [140.11725903759228, 35.6531671290383], [140.11721424888503, 35.65316899746439], [140.11722080168815, 35.65320951672266], [140.11722457081132, 35.65323283171374], [140.1172330396231, 35.653285218450414], [140.11724116644487, 35.65333549440747], [140.11724738665652, 35.653373969774535], [140.11724951453513, 35.653387136960646], [140.1172583864959, 35.6534420175513], [140.11726707308145, 35.65349576032086], [140.11727683289843, 35.65355613534812], [140.11728314414987, 35.65359517715002], [140.1172634493908, 35.65364660119363], [140.11727257121157, 35.653683121663555], [140.11727977826789, 35.6537119753739], [140.11729332389132, 35.653766200198916], [140.11730501634744, 35.653813017238555], [140.1173134064646, 35.65384660053547], [140.11731722916673, 35.65386190050833], [140.11737332542148, 35.653847304123914], [140.1174320769971, 35.65383201708414], [140.11745321468393, 35.653826517602155], [140.1175082192511, 35.65381220539838], [140.11758262063853, 35.653793033732086], [140.11762089982284, 35.65378288639326], [140.1176703013776, 35.65377003199061], [140.11770140999653, 35.65376950928536], [140.11774933873272, 35.653768704902255], [140.11779508836196, 35.65376793533992], [140.11781561131306, 35.653768847013104], [140.1178777842213, 35.653771608646096], [140.11795752858683, 35.65377514966307], [140.1180371603733, 35.65377868539109], [140.1181027749153, 35.65378159998896], [140.11818057770208, 35.653785054111154], [140.1182181096419, 35.65378045878505], [140.11821925427418, 35.65382124293578], [140.11821978122197, 35.65383021295147], [140.11822200731882, 35.65385585778734], [140.11820465584566, 35.65388314037498], [140.11827485617965, 35.654799899831644], [140.11903975198945, 35.65585944641924], [140.1190464644102, 35.65587235240572], [140.11911449254097, 35.655971795670034], [140.11919127541273, 35.65608404046166], [140.11999190752041, 35.65737915286716], [140.12045228642458, 35.65810900760327], [140.12074895844015, 35.65854454619686]]]}, "properties": {"key_code": "12103017002", "name": "千葉市稲毛区園生町", "population": 8379, "households_total": 3566, "young_pop": 935, "pop_active": 3755, "senior_labor": 970, "pop_senior": 2554, "family_hh": 1133, "senior_hh": 1321, "pop_young": 935, "rate_young": 0.023371508976941957, "rate_active": -0.009471796256615095, "rate_senior": 0.03398258751514649}}, {"type": "Feature", "geometry": {"type": "Polygon", "coordinates": [[[140.11288410086075, 35.65183437121308], [140.1130427185316, 35.65175513717607], [140.1131812770977, 35.65186463247347], [140.11364970801867, 35.651480478280675], [140.11383221182882, 35.65162116093006], [140.1138370396045, 35.65161748144306], [140.11386710030487, 35.65159165336832], [140.11395158589556, 35.6515190570681], [140.11404794518984, 35.65158596364914], [140.11405897200197, 35.65159361958494], [140.11406045125156, 35.65159468396265], [140.11420411957172, 35.6514820446007], [140.1144829776096, 35.65133552806218], [140.11443447025195, 35.6512933904934], [140.11438218979288, 35.651161127786345], [140.1142870843006, 35.650645895359546], [140.11402100427907, 35.65070319869514], [140.11352352450794, 35.650763571068346], [140.1132871283325, 35.650798939702085], [140.11205858148912, 35.65097637386693], [140.111753508769, 35.65104823215088], [140.1115324441264, 35.650764184121456], [140.11135569729288, 35.65049013694811], [140.11120539382898, 35.650215289254895], [140.11109656033142, 35.65001868685589], [140.11097461203073, 35.649790073160354], [140.11084799417597, 35.649576892464104], [140.11074682916185, 35.649430429062484], [140.11073669562936, 35.64942581842993], [140.11072401977796, 35.64942005282009], [140.11070845761486, 35.649415950277], [140.11067966680892, 35.64940835985294], [140.1106168925595, 35.64939563511932], [140.11058367387642, 35.649390628891545], [140.11056321346234, 35.64938990602379], [140.11047716147823, 35.6493868607483], [140.11040994284815, 35.64938588051266], [140.11028922539734, 35.64939045560279], [140.11022961441773, 35.64939746516379], [140.1101433772312, 35.64941031798929], [140.11008353592132, 35.64941971341195], [140.11000906854318, 35.649424390076526], [140.1099667046485, 35.64942448672506], [140.10988666073993, 35.64942979054283], [140.10978765392758, 35.64943841527251], [140.10972351602547, 35.64944110036848], [140.10964599981753, 35.64944434459977], [140.1096054740668, 35.649446041142134], [140.10959773776304, 35.64944425595946], [140.10958888493494, 35.649438868254194], [140.10958555659923, 35.64943436909183], [140.10958553155328, 35.64942715846751], [140.10962457734843, 35.64922336434069], [140.10963339010294, 35.6492170347137], [140.10964773917726, 35.649215199768534], [140.10990395434308, 35.649221826492884], [140.10992798287833, 35.649071915400796], [140.1099099365792, 35.64906297827235], [140.10983044347986, 35.64904625919939], [140.1097407533495, 35.64908026416341], [140.10954396848445, 35.649111696260086], [140.10947136022455, 35.64908932783592], [140.1094021310777, 35.649047234653345], [140.1093365917091, 35.64895545317324], [140.10937004733148, 35.64864553818178], [140.10933709001736, 35.64822208445837], [140.10931508272483, 35.6481636529323], [140.10921161433868, 35.6480060462197], [140.10913788192605, 35.64791527049093], [140.10873005307485, 35.648845722032775], [140.10850002713747, 35.64940783293091], [140.10862453607635, 35.649449798753594], [140.10890343989664, 35.64955496239552], [140.10904542989692, 35.649661672213945], [140.10917733930887, 35.649847273063585], [140.10922604837475, 35.64994856314484], [140.10930218855492, 35.64999345706256], [140.1093713290327, 35.65001019990832], [140.1094541194034, 35.649976210723096], [140.1096128071557, 35.64991669807717], [140.10970423351375, 35.649885505786045], [140.10985268229206, 35.64986545022304], [140.11003918476015, 35.649853757765065], [140.1101704365541, 35.64985627478307], [140.11032252388262, 35.64988409443925], [140.1104574042461, 35.64993167019366], [140.11056817477012, 35.650004651299014], [140.1108793247138, 35.65057291386179], [140.11087966984795, 35.65067149779621], [140.11131546812103, 35.651349253416335], [140.11158128515396, 35.651595350426994], [140.11168305484574, 35.65176890623865], [140.1116870610637, 35.65189624709839], [140.1116530141249, 35.652034378989434], [140.1116120252878, 35.652166823044716], [140.11156868490798, 35.652312229344744], [140.11166643992368, 35.65239259719965], [140.11164591934542, 35.65245179515256], [140.1118463209373, 35.65261086444358], [140.11189353852217, 35.65264839377758], [140.11200523316842, 35.652736158129635], [140.112283046692, 35.652924940617154], [140.11244720734618, 35.65295413629118], [140.1125197685078, 35.652966644335066], [140.1125932155726, 35.65298548674529], [140.11266755384764, 35.653006440664505], [140.1127367225181, 35.65303585546492], [140.11278861711068, 35.65305967788689], [140.11287170947145, 35.65311581951322], [140.11306477303174, 35.65326677027688], [140.11331928334837, 35.6534591279097], [140.11339167654512, 35.65339949186159], [140.1134010677185, 35.65338922358496], [140.1131369726309, 35.65317646847225], [140.1128944965934, 35.652972819104455], [140.11281401455653, 35.652915967807715], [140.1125232881215, 35.65274200479749], [140.11236150038238, 35.65264590659587], [140.11227315959115, 35.652568650795104], [140.1122228236772, 35.65249694172008], [140.11220105251357, 35.65243995327984], [140.11220242449707, 35.65233995792048], [140.11223309234097, 35.652222993711], [140.11225269611694, 35.652154643596575], [140.11225608683014, 35.65213773559518], [140.1122767357914, 35.652115154394096], [140.11231292867188, 35.65209676293022], [140.11258705295404, 35.6519750123872], [140.11274628883436, 35.651936090588464], [140.1128739166482, 35.65188224331921], [140.11288410086075, 35.65183437121308]]]}, "properties": {"key_code": "12103017002", "name": "千葉市稲毛区園生町", "population": 8379, "households_total": 3566, "young_pop": 935, "pop_active": 3755, "senior_labor": 970, "pop_senior": 2554, "family_hh": 1133, "senior_hh": 1321, "pop_young": 935, "rate_young": 0.023371508976941957, "rate_active": -0.009471796256615095, "rate_senior": 0.03398258751514649}}, {"type": "Feature", "geometry": {"type": "Polygon", "coordinates": [[[140.11991265565018, 35.63277070690396], [140.11956424568825, 35.632374394211155], [140.11875939128913, 35.632762841092074], [140.11848628560435, 35.63267616596331], [140.11741312755166, 35.63340814506504], [140.1175446643837, 35.63355384114628], [140.11742406712128, 35.63362312718502], [140.11717770315533, 35.633763117664344], [140.11699894621705, 35.63396797812772], [140.1170178404831, 35.6341507631027], [140.11702652914263, 35.63432575533419], [140.11699633671103, 35.63446862325704], [140.11689506687514, 35.63479659822556], [140.11687524134712, 35.63489979936286], [140.116948907572, 35.63523483097214], [140.11696398147168, 35.635366222457975], [140.11696105475576, 35.63551832213154], [140.11694409458013, 35.635608490698516], [140.11693403444076, 35.63569301014529], [140.11693487851707, 35.63593804668891], [140.11695584301398, 35.63600841124874], [140.117004583926, 35.63612377566266], [140.1171991899799, 35.6364821837517], [140.11751489378872, 35.63626594815762], [140.11839505771275, 35.63580543115208], [140.11892590597043, 35.6355253527498], [140.1190879036284, 35.63543766102635], [140.1194032531108, 35.63526229744186], [140.11951008538307, 35.63519726690191], [140.1196961959035, 35.63509261897465], [140.1199302923817, 35.63487801415794], [140.12008151905215, 35.63467486998594], [140.12016203610577, 35.63449442407903], [140.12019615283623, 35.63437041745001], [140.120230186374, 35.63422951196905], [140.12025171990982, 35.63396470945133], [140.1202513121214, 35.63384641700028], [140.1202438588078, 35.63368589344796], [140.1202567390314, 35.63341266173648], [140.12025293119842, 35.63330845980844], [140.12024712170287, 35.6331310333121], [140.12017050611817, 35.63306087077451], [140.11991265565018, 35.63277070690396]]]}, "properties": {"key_code": "12103018001", "name": "千葉市稲毛区千草台一丁目", "population": 1002, "households_total": 639, "young_pop": 32, "pop_active": 370, "senior_labor": 163, "pop_senior": 549, "family_hh": 56, "senior_hh": 376, "pop_young": 32, "rate_young": -0.09598669624081702, "rate_active": -0.018881504273735694, "rate_senior": -0.00643140187479585}}, {"type": "Feature", "geometry": {"type": "Polygon", "coordinates": [[[140.1221801378411, 35.63287582887488], [140.12173228921304, 35.63221157845291], [140.12168035131052, 35.63216945337397], [140.1212155646404, 35.63207197017684], [140.12105680455895, 35.63209769208752], [140.1203993631566, 35.63221471296456], [140.11988162038494, 35.632280706326405], [140.11967415809514, 35.63220232959744], [140.1194878995619, 35.63227036169857], [140.11956424568825, 35.632374394211155], [140.11991265565018, 35.63277070690396], [140.12017050611817, 35.63306087077451], [140.12024712170287, 35.6331310333121], [140.12025293119842, 35.63330845980844], [140.1202567390314, 35.63341266173648], [140.1202438588078, 35.63368589344796], [140.1202513121214, 35.63384641700028], [140.12025171990982, 35.63396470945133], [140.120230186374, 35.63422951196905], [140.12019615283623, 35.63437041745001], [140.12016203610577, 35.63449442407903], [140.12008151905215, 35.63467486998594], [140.1199302923817, 35.63487801415794], [140.1196961959035, 35.63509261897465], [140.11951008538307, 35.63519726690191], [140.1194032531108, 35.63526229744186], [140.1190879036284, 35.63543766102635], [140.11892590597043, 35.6355253527498], [140.11839505771275, 35.63580543115208], [140.11751489378872, 35.63626594815762], [140.1171991899799, 35.6364821837517], [140.11705467335295, 35.63661042741863], [140.1174354400396, 35.637327781385544], [140.11792381185415, 35.6383113362667], [140.11844215373293, 35.637872137930984], [140.11889148911715, 35.637491401316694], [140.11963050952983, 35.63688560345938], [140.1199175533808, 35.63666758938963], [140.12019526619943, 35.63645287677552], [140.1204662665628, 35.636234873506396], [140.12072381811322, 35.63602570435333], [140.12101493606764, 35.635795612468065], [140.12125910913943, 35.63560182374263], [140.12154083754135, 35.635381612272866], [140.12195260714245, 35.63500633513624], [140.12208142800392, 35.63490506459925], [140.1221217967273, 35.63484638767018], [140.12219372770102, 35.63476595035498], [140.12227217868093, 35.63467479513035], [140.1223310304942, 35.63461040804063], [140.1224226799144, 35.634537951179894], [140.122836325857, 35.634331066542636], [140.12279192915727, 35.63378188165699], [140.12244856595865, 35.63330063685992], [140.1221801378411, 35.63287582887488]]]}, "properties": {"key_code": "12103018002", "name": "千葉市稲毛区千草台二丁目", "population": 1873, "households_total": 1193, "young_pop": 96, "pop_active": 694, "senior_labor": 262, "pop_senior": 960, "family_hh": 102, "senior_hh": 668, "pop_young": 96, "rate_young": -0.023281316138826114, "rate_active": -0.021077221895748677, "rate_senior": -0.01550214123578264}}, {"type": "Feature", "geometry": {"type": "Polygon", "coordinates": [[[140.11403657271532, 35.63012469218499], [140.1130965762411, 35.63008388616048], [140.11298729852467, 35.63043476325526], [140.1128295683148, 35.630997731793116], [140.11275414855325, 35.631268681640584], [140.11267746743437, 35.63156177969541], [140.11260592243264, 35.63184359981851], [140.1125847542527, 35.63192896540875], [140.11255141525874, 35.632063416592885], [140.11247000262463, 35.632341280912975], [140.1124021716472, 35.63241139218271], [140.1119465777335, 35.63289286743685], [140.1127618902321, 35.632992404000774], [140.11342513266277, 35.63308217861125], [140.11399008838748, 35.63316421812403], [140.1140661121837, 35.63317530981789], [140.11448762616874, 35.63324193852196], [140.1146880214764, 35.63327809266486], [140.11498519092248, 35.633333739342966], [140.1156140059108, 35.63342523477672], [140.11581778481352, 35.63343603011117], [140.11590223802625, 35.63339640326175], [140.1160088957675, 35.63328067835987], [140.11607048650947, 35.63311435990245], [140.11622417843932, 35.63261829307231], [140.1163110817795, 35.63228855677743], [140.116403259826, 35.6319813406873], [140.11649368811524, 35.6316673338101], [140.11658576908323, 35.631331952691355], [140.11667438969823, 35.630993763114525], [140.11676998788874, 35.630672456718344], [140.11682950300005, 35.63044136301736], [140.1167808496924, 35.63035134624807], [140.11674261276065, 35.63027398034252], [140.11582742423778, 35.630223984678096], [140.11558385153842, 35.630197189581246], [140.11537495666204, 35.63019122712305], [140.1150123193023, 35.63017797745902], [140.114416465154, 35.63014554525986], [140.11403657271532, 35.63012469218499]]]}, "properties": {"key_code": "12103019001", "name": "千葉市稲毛区天台一丁目", "population": 1503, "households_total": 650, "young_pop": 125, "pop_active": 701, "senior_labor": 152, "pop_senior": 359, "family_hh": 236, "senior_hh": 189, "pop_young": 125, "rate_young": -0.02654743206890564, "rate_active": 0.05831955073656481, "rate_senior": 0.0450579951943515}}, {"type": "Feature", "geometry": {"type": "Polygon", "coordinates": [[[140.1127618902321, 35.632992404000774], [140.1119465777335, 35.63289286743685], [140.11190660205187, 35.63292425822664], [140.11170170046157, 35.633132588073714], [140.11229977985877, 35.63333447539812], [140.11219993710284, 35.63362009239059], [140.1120707454366, 35.63404931656976], [140.11211004550657, 35.63410964236551], [140.11199870896266, 35.63455146475868], [140.11198333260717, 35.63468257559921], [140.11189585461008, 35.63535311989883], [140.1118619627261, 35.635536274623725], [140.11174275969543, 35.63589815987777], [140.11170977083532, 35.635967558185875], [140.11174125029765, 35.63608578241158], [140.11176917052765, 35.636173032421944], [140.11195617497404, 35.636528303404056], [140.11199924622085, 35.636984498329106], [140.11200966997626, 35.63717347002746], [140.11247209593108, 35.63708791187681], [140.11299324550728, 35.637005033720534], [140.11308821363176, 35.63652598919988], [140.11319517172748, 35.63649757780603], [140.114307381729, 35.636078166607746], [140.11487296827895, 35.63585998655267], [140.11545065449155, 35.635650226147945], [140.11533057362473, 35.63537448239219], [140.11522960547643, 35.63513249272884], [140.11514061454344, 35.6348623096827], [140.11505163267964, 35.63459494295512], [140.11495412363718, 35.63435576119535], [140.11490868655451, 35.6341788809772], [140.11485289224095, 35.634018466185914], [140.1148863666883, 35.63371420147391], [140.11498519092248, 35.633333739342966], [140.1146880214764, 35.63327809266486], [140.11448762616874, 35.63324193852196], [140.1140661121837, 35.63317530981789], [140.11399008838748, 35.63316421812403], [140.11342513266277, 35.63308217861125], [140.1127618902321, 35.632992404000774]]]}, "properties": {"key_code": "12103019002", "name": "千葉市稲毛区天台二丁目", "population": 1376, "households_total": 739, "young_pop": 173, "pop_active": 515, "senior_labor": 137, "pop_senior": 423, "family_hh": 148, "senior_hh": 236, "pop_young": 173, "rate_young": -0.019601705288228355, "rate_active": -0.007961589397458613, "rate_senior": -0.008749043020227276}}, {"type": "Feature", "geometry": {"type": "Polygon", "coordinates": [[[140.1175446643837, 35.63355384114628], [140.11741312755166, 35.63340814506504], [140.11848628560435, 35.63267616596331], [140.11875939128913, 35.632762841092074], [140.11956424568825, 35.632374394211155], [140.1194878995619, 35.63227036169857], [140.11906313013557, 35.631740228015516], [140.1189816105354, 35.63163620696585], [140.11834592619124, 35.63099580250267], [140.11819115050642, 35.630845512818894], [140.1181014737453, 35.63077062606935], [140.11681306914716, 35.630183688319185], [140.11674261276065, 35.63027398034252], [140.1167808496924, 35.63035134624807], [140.11682950300005, 35.63044136301736], [140.11676998788874, 35.630672456718344], [140.11667438969823, 35.630993763114525], [140.11658576908323, 35.631331952691355], [140.11649368811524, 35.6316673338101], [140.116403259826, 35.6319813406873], [140.1163110817795, 35.63228855677743], [140.11622417843932, 35.63261829307231], [140.11607048650947, 35.63311435990245], [140.1160088957675, 35.63328067835987], [140.11590223802625, 35.63339640326175], [140.11581778481352, 35.63343603011117], [140.1156140059108, 35.63342523477672], [140.11498519092248, 35.633333739342966], [140.1148863666883, 35.63371420147391], [140.11485289224095, 35.634018466185914], [140.11490868655451, 35.6341788809772], [140.11495412363718, 35.63435576119535], [140.11505163267964, 35.63459494295512], [140.11514061454344, 35.6348623096827], [140.11522960547643, 35.63513249272884], [140.11533057362473, 35.63537448239219], [140.11545065449155, 35.635650226147945], [140.11568137870134, 35.635463799988955], [140.11596755518232, 35.63533920903839], [140.11621930889456, 35.635242862859585], [140.11643812232165, 35.63510434467383], [140.11667928289225, 35.63493760897893], [140.11689506687514, 35.63479659822556], [140.11699633671103, 35.63446862325704], [140.11702652914263, 35.63432575533419], [140.1170178404831, 35.6341507631027], [140.11699894621705, 35.63396797812772], [140.11717770315533, 35.633763117664344], [140.11742406712128, 35.63362312718502], [140.1175446643837, 35.63355384114628]]]}, "properties": {"key_code": "12103019003", "name": "千葉市稲毛区天台三丁目", "population": 1157, "households_total": 576, "young_pop": 134, "pop_active": 379, "senior_labor": 134, "pop_senior": 411, "family_hh": 127, "senior_hh": 226, "pop_young": 134, "rate_young": -0.014291591562926365, "rate_active": -0.035467931727912516, "rate_senior": -0.005739260069075325}}, {"type": "Feature", "geometry": {"type": "Polygon", "coordinates": [[[140.11687524134712, 35.63489979936286], [140.11689506687514, 35.63479659822556], [140.11667928289225, 35.63493760897893], [140.11643812232165, 35.63510434467383], [140.11621930889456, 35.635242862859585], [140.11596755518232, 35.63533920903839], [140.11568137870134, 35.635463799988955], [140.11545065449155, 35.635650226147945], [140.11487296827895, 35.63585998655267], [140.114307381729, 35.636078166607746], [140.11319517172748, 35.63649757780603], [140.11308821363176, 35.63652598919988], [140.11299324550728, 35.637005033720534], [140.11247209593108, 35.63708791187681], [140.11200966997626, 35.63717347002746], [140.1120168305014, 35.637559051288605], [140.1120466749296, 35.6381786422607], [140.11212897814536, 35.63849673338013], [140.11262696431262, 35.63837824376541], [140.1128339295669, 35.63831298635312], [140.11395124602834, 35.63787947175726], [140.1147221110447, 35.63759768418415], [140.1150807576092, 35.637465634888436], [140.11514628007473, 35.637440133546974], [140.11568774340023, 35.637251819380744], [140.11627920406488, 35.63703919872291], [140.11672055749975, 35.63686072423563], [140.1169271592951, 35.63669969497264], [140.11705467335295, 35.63661042741863], [140.1171991899799, 35.6364821837517], [140.117004583926, 35.63612377566266], [140.11695584301398, 35.63600841124874], [140.11693487851707, 35.63593804668891], [140.11693403444076, 35.63569301014529], [140.11694409458013, 35.635608490698516], [140.11696105475576, 35.63551832213154], [140.11696398147168, 35.635366222457975], [140.116948907572, 35.63523483097214], [140.11687524134712, 35.63489979936286]]]}, "properties": {"key_code": "12103019004", "name": "千葉市稲毛区天台四丁目", "population": 1073, "households_total": 514, "young_pop": 105, "pop_active": 352, "senior_labor": 119, "pop_senior": 432, "family_hh": 103, "senior_hh": 210, "pop_young": 105, "rate_young": -0.05591248870509802, "rate_active": -0.03285883999939365, "rate_senior": -0.02207100426578379}}, {"type": "Feature", "geometry": {"type": "Polygon", "coordinates": [[[140.1174354400396, 35.637327781385544], [140.11705467335295, 35.63661042741863], [140.1169271592951, 35.63669969497264], [140.11672055749975, 35.63686072423563], [140.11627920406488, 35.63703919872291], [140.11568774340023, 35.637251819380744], [140.11514628007473, 35.637440133546974], [140.1150807576092, 35.637465634888436], [140.1147221110447, 35.63759768418415], [140.11395124602834, 35.63787947175726], [140.1128339295669, 35.63831298635312], [140.11262696431262, 35.63837824376541], [140.11212897814536, 35.63849673338013], [140.1121768781359, 35.638853138998506], [140.11224790601224, 35.63939940305668], [140.11215133698374, 35.6394334237734], [140.11221581400198, 35.63952386552809], [140.11213105251088, 35.639796322865], [140.1124889174208, 35.64017786091747], [140.1130450785308, 35.64073572095457], [140.1132246932851, 35.640892969270844], [140.1134159150723, 35.64102139111587], [140.11395487401919, 35.64158770121789], [140.11417183198637, 35.64142094940529], [140.11434918319605, 35.64127970869454], [140.11523933975917, 35.64057630985999], [140.11538741827206, 35.64045766839548], [140.11566634986139, 35.6402401412729], [140.11589789150347, 35.64004828440753], [140.11650907989375, 35.63955677038581], [140.11724420683765, 35.6389720153092], [140.11727174685603, 35.63894941801675], [140.1176436427194, 35.638655620222075], [140.11796590960986, 35.63836588056568], [140.11792381185415, 35.6383113362667], [140.1174354400396, 35.637327781385544]]]}, "properties": {"key_code": "12103019005", "name": "千葉市稲毛区天台五丁目", "population": 1631, "households_total": 723, "young_pop": 160, "pop_active": 698, "senior_labor": 159, "pop_senior": 405, "family_hh": 221, "senior_hh": 215, "pop_young": 160, "rate_young": -0.018881504273735694, "rate_active": -0.028603850652103358, "rate_senior": 0.0}}, {"type": "Feature", "geometry": {"type": "Polygon", "coordinates": [[[140.1184898726334, 35.639202005799376], [140.11842879379782, 35.63908884917362], [140.11835314790127, 35.639123177422675], [140.11796590960986, 35.63836588056568], [140.1176436427194, 35.638655620222075], [140.11727174685603, 35.63894941801675], [140.11724420683765, 35.6389720153092], [140.11650907989375, 35.63955677038581], [140.11589789150347, 35.64004828440753], [140.11566634986139, 35.6402401412729], [140.11538741827206, 35.64045766839548], [140.11523933975917, 35.64057630985999], [140.11434918319605, 35.64127970869454], [140.11417183198637, 35.64142094940529], [140.11395487401919, 35.64158770121789], [140.1140484643019, 35.6416888842777], [140.11466451069654, 35.642326134009096], [140.11491009841495, 35.64262451724451], [140.1149925969374, 35.64273428073488], [140.1151417303065, 35.64290293363812], [140.11526562700615, 35.6430461894734], [140.1156048151581, 35.643462370887356], [140.11569851649756, 35.643580452198535], [140.11591018135118, 35.64385701217857], [140.11678970777757, 35.64338258338058], [140.11810247770487, 35.64272673091465], [140.11755504588504, 35.64201304290362], [140.11722886501173, 35.64159412551755], [140.11742286549634, 35.64129229335019], [140.1177538307792, 35.64090585324872], [140.11810913217766, 35.64079235747062], [140.1180652415621, 35.64067356297523], [140.11805504615566, 35.6406460190162], [140.11790005743498, 35.640288668880515], [140.11770850919976, 35.6398581714507], [140.1181671766813, 35.6396852846714], [140.1185637788979, 35.639535074612695], [140.11840755988337, 35.639229554015365], [140.1184898726334, 35.639202005799376]]]}, "properties": {"key_code": "12103019006", "name": "千葉市稲毛区天台六丁目", "population": 445, "households_total": 235, "young_pop": 45, "pop_active": 185, "senior_labor": 71, "pop_senior": 178, "family_hh": 44, "senior_hh": 94, "pop_young": 45, "rate_young": -0.02850217188062054, "rate_active": -0.0259576167729898, "rate_senior": 0.02412409259818693}}, {"type": "Feature", "geometry": {"type": "Polygon", "coordinates": [[[140.12358153556147, 35.65231326281954], [140.12422968416593, 35.65197092354949], [140.12477804516226, 35.652651252896035], [140.1255055402027, 35.65227773650627], [140.12711394755982, 35.65145709435028], [140.12717893050896, 35.6513400843713], [140.12725446377922, 35.65121878963623], [140.1273714552511, 35.6510973960438], [140.12751625608365, 35.65101818536469], [140.12768178556775, 35.650944558310044], [140.12786133493984, 35.650921596749725], [140.1280340320695, 35.65091836764366], [140.12825677896933, 35.65096825384658], [140.12808311450337, 35.65055518909104], [140.1278775568896, 35.650184518706226], [140.12739315273672, 35.649316781824695], [140.1264801578192, 35.648572829006476], [140.1253618236291, 35.64880362591844], [140.12531639684485, 35.64896956233071], [140.12525722120444, 35.648978504227074], [140.12536083402264, 35.649338294646356], [140.1252018872271, 35.650010507294205], [140.12426878082243, 35.650068444462505], [140.12363267906815, 35.64925896294253], [140.12331568170478, 35.64941775671617], [140.12277834770245, 35.64871602088821], [140.12236703760345, 35.648190273325355], [140.12188461331866, 35.647583007559255], [140.12136826810186, 35.64693037887725], [140.1203531638901, 35.64562585626561], [140.1202681748039, 35.645527474019055], [140.12008586272486, 35.64530211408456], [140.11978030638193, 35.644943605382124], [140.11944567656175, 35.64450651065257], [140.11915714352028, 35.64416366473307], [140.11865777787173, 35.643457755491085], [140.11812434482616, 35.64275551505086], [140.11810247770487, 35.64272673091465], [140.11678970777757, 35.64338258338058], [140.11591018135118, 35.64385701217857], [140.11666002538763, 35.644886473429665], [140.1169994657853, 35.6449910615572], [140.11742276055546, 35.64516819375942], [140.117723851491, 35.64545447485943], [140.11786645199632, 35.64586956314546], [140.11828066414336, 35.647482646279435], [140.11810020399156, 35.64752743131714], [140.11836407557826, 35.648458211730485], [140.11846475571227, 35.64864165654776], [140.11865277877155, 35.64883531687947], [140.11882547125907, 35.64883491059461], [140.11898196394955, 35.64885182942698], [140.1192023992836, 35.64894950574031], [140.11934449830818, 35.64908155342141], [140.1198662446563, 35.65006896556501], [140.12022978965257, 35.65076663347336], [140.1204743203494, 35.651036451651116], [140.1208380192135, 35.651311619244446], [140.12117926003242, 35.65157838878349], [140.1213735391357, 35.65180044078939], [140.1217331662419, 35.652224649902124], [140.12221689746892, 35.65273896180778], [140.1224214379333, 35.65293846346306], [140.12264208692966, 35.652819647401714], [140.12318333677499, 35.65252263004843], [140.12358153556147, 35.65231326281954]]]}, "properties": {"key_code": "121030200", "name": "千葉市稲毛区天台町", "population": 58, "households_total": 24, "young_pop": 3, "pop_active": 16, "senior_labor": 13, "pop_senior": 39, "family_hh": 8, "senior_hh": 17, "pop_young": 3, "rate_young": -0.17812408524138712, "rate_active": -0.012051713658030372, "rate_senior": 0.05387395206178347}}, {"type": "Feature", "geometry": {"type": "Polygon", "coordinates": [[[140.1186114224194, 35.63986296057437], [140.11853196669108, 35.63971347727802], [140.11839766763032, 35.63975970346874], [140.11832962488174, 35.63963554357478], [140.11856751634159, 35.63954855049278], [140.11864025899507, 35.63965509583046], [140.11868157925753, 35.63963901404893], [140.11872087946563, 35.6396248035582], [140.1184898726334, 35.639202005799376], [140.11840755988337, 35.639229554015365], [140.1185637788979, 35.639535074612695], [140.1181671766813, 35.6396852846714], [140.11770850919976, 35.6398581714507], [140.11790005743498, 35.640288668880515], [140.11805504615566, 35.6406460190162], [140.1180652415621, 35.64067356297523], [140.11825930217572, 35.640622972946026], [140.1182654097771, 35.64060686918498], [140.1182953808826, 35.640530679524275], [140.11884130069916, 35.640334348203986], [140.11866218561133, 35.63999677201764], [140.11860345158036, 35.639876111255866], [140.1186114224194, 35.63986296057437]]]}, "properties": {"key_code": "121030200", "name": "千葉市稲毛区天台町", "population": 58, "households_total": 24, "young_pop": 3, "pop_active": 16, "senior_labor": 13, "pop_senior": 39, "family_hh": 8, "senior_hh": 17, "pop_young": 3, "rate_young": -0.17812408524138712, "rate_active": -0.012051713658030372, "rate_senior": 0.05387395206178347}}, {"type": "Feature", "geometry": {"type": "Polygon", "coordinates": [[[140.10767014885758, 35.62336975960548], [140.10751619234813, 35.623335142822036], [140.1075707770926, 35.62413349146102], [140.1075570737044, 35.62467430949702], [140.10756421043567, 35.624744743751464], [140.1075745596385, 35.62525734189298], [140.1075645601051, 35.62536154329191], [140.10748690149342, 35.62588845668528], [140.1073430757406, 35.626911380843666], [140.10716213792213, 35.627203128710214], [140.10831876575688, 35.62741410231015], [140.10836758923935, 35.62741578809792], [140.10876821454806, 35.62748083050261], [140.10900144196032, 35.62752255385554], [140.10920180404756, 35.62755026791764], [140.10964040353997, 35.627557733459405], [140.10992583829346, 35.62756311233802], [140.11003049414325, 35.627350857924235], [140.1102138153793, 35.62710297449559], [140.11047545394752, 35.62686860929146], [140.11069076978868, 35.62672166217854], [140.11084936666836, 35.626648073769736], [140.1110666475053, 35.626565903152205], [140.11157025125277, 35.626401405031395], [140.1125066940099, 35.6260489386151], [140.11274034781374, 35.625203436704744], [140.1128771576135, 35.624716105775285], [140.11288190634903, 35.62469923077653], [140.11220211227393, 35.62453466223825], [140.11196270940863, 35.62447668866368], [140.11195420644432, 35.624474630086574], [140.11127353768865, 35.62431276811361], [140.11091673785953, 35.62421147047321], [140.11091382272846, 35.624210596296194], [140.11081652774115, 35.62418212109915], [140.11050183514035, 35.624093190243116], [140.11050034775215, 35.62409270067991], [140.10998988602552, 35.62394273566274], [140.109872044509, 35.62391483374987], [140.1097460023611, 35.62388497845355], [140.10939180666475, 35.623801132209074], [140.1093512592885, 35.623791505598575], [140.1090926102125, 35.62372181178379], [140.1087839507872, 35.62364258472631], [140.10876023578228, 35.62363651190445], [140.10845398390268, 35.62356136312699], [140.10826113072773, 35.623513666501154], [140.10811608516448, 35.62347459442991], [140.10809437545225, 35.62346872821592], [140.10767014885758, 35.62336975960548]]]}, "properties": {"key_code": "12103021001", "name": "千葉市稲毛区轟町一丁目", "population": 1549, "households_total": 910, "young_pop": 262, "pop_active": 478, "senior_labor": 188, "pop_senior": 509, "family_hh": 143, "senior_hh": 310, "pop_young": 262, "rate_young": -0.016688119801355095, "rate_active": -0.03220382716404413, "rate_senior": -0.017155164726419314}}, {"type": "Feature", "geometry": {"type": "Polygon", "coordinates": [[[140.10831876575688, 35.62741410231015], [140.10716213792213, 35.627203128710214], [140.10677508052808, 35.62780076285981], [140.10654113866792, 35.628118047004705], [140.10574344996078, 35.62913505026744], [140.10549766197067, 35.629448410762514], [140.10522531740733, 35.629820670089096], [140.10494888751754, 35.63015885826836], [140.10468280287165, 35.63050063197576], [140.1044549393808, 35.63079330956481], [140.1050734872315, 35.63111640760911], [140.1053701960743, 35.63124418372924], [140.10567908076771, 35.63136996066712], [140.10566575379653, 35.63153455132199], [140.10606715415685, 35.63161846838538], [140.1069751441596, 35.6318052863037], [140.1070836297532, 35.63147106371494], [140.10717331134245, 35.63116814666237], [140.10735480946403, 35.63057575826104], [140.107436459718, 35.63033338175293], [140.1076239584132, 35.62968668994304], [140.10775416665422, 35.62928714337853], [140.10792816161756, 35.62873504968234], [140.1079835552333, 35.6285271653357], [140.10803902703734, 35.62833589989804], [140.1082149737035, 35.627780634580006], [140.10831876575688, 35.62741410231015]]]}, "properties": {"key_code": "12103021002", "name": "千葉市稲毛区轟町二丁目", "population": 1382, "households_total": 763, "young_pop": 246, "pop_active": 519, "senior_labor": 109, "pop_senior": 307, "family_hh": 119, "senior_hh": 197, "pop_young": 246, "rate_young": -0.06322315888201302, "rate_active": -0.04014510259543225, "rate_senior": -0.03026946763343774}}, {"type": "Feature", "geometry": {"type": "Polygon", "coordinates": [[[140.10988654837817, 35.6322820825036], [140.11029634749724, 35.63093574182705], [140.11050826060827, 35.63020203556272], [140.1106054470342, 35.62987125441501], [140.11061609404382, 35.62983597573039], [140.11073641102317, 35.62943731058165], [140.11087636237835, 35.62897672876606], [140.11094308103074, 35.62877776299388], [140.11108023088775, 35.628392918066844], [140.11132158105613, 35.62838821943684], [140.1114526154054, 35.628331591584534], [140.1115735254877, 35.62788541728142], [140.10992583829346, 35.62756311233802], [140.10964040353997, 35.627557733459405], [140.10920180404756, 35.62755026791764], [140.10900144196032, 35.62752255385554], [140.10876821454806, 35.62748083050261], [140.10836758923935, 35.62741578809792], [140.10831876575688, 35.62741410231015], [140.1082149737035, 35.627780634580006], [140.10803902703734, 35.62833589989804], [140.1079835552333, 35.6285271653357], [140.10792816161756, 35.62873504968234], [140.10775416665422, 35.62928714337853], [140.1076239584132, 35.62968668994304], [140.107436459718, 35.63033338175293], [140.10735480946403, 35.63057575826104], [140.10717331134245, 35.63116814666237], [140.1070836297532, 35.63147106371494], [140.1069751441596, 35.6318052863037], [140.10794280226528, 35.63201717074565], [140.10803772804695, 35.63200005706206], [140.10837600311513, 35.631959861214725], [140.10864989661178, 35.63202244041132], [140.10908035129157, 35.632113252426784], [140.1096052377654, 35.6322228997265], [140.10988654837817, 35.6322820825036]]]}, "properties": {"key_code": "12103021003", "name": "千葉市稲毛区轟町三丁目", "population": 1168, "households_total": 445, "young_pop": 139, "pop_active": 599, "senior_labor": 117, "pop_senior": 186, "family_hh": 208, "senior_hh": 70, "pop_young": 139, "rate_young": -0.064502536996349, "rate_active": -0.03693033177258731, "rate_senior": 0.07929917390599406}}, {"type": "Feature", "geometry": {"type": "Polygon", "coordinates": [[[140.11339241853827, 35.62482414958618], [140.11288190634903, 35.62469923077653], [140.1128771576135, 35.624716105775285], [140.11274034781374, 35.625203436704744], [140.1125066940099, 35.6260489386151], [140.11157025125277, 35.626401405031395], [140.1110666475053, 35.626565903152205], [140.11084936666836, 35.626648073769736], [140.11069076978868, 35.62672166217854], [140.11047545394752, 35.62686860929146], [140.1102138153793, 35.62710297449559], [140.11003049414325, 35.627350857924235], [140.10992583829346, 35.62756311233802], [140.1115735254877, 35.62788541728142], [140.11249557854725, 35.62805316874551], [140.11297758546507, 35.62814333092809], [140.11304599824174, 35.62814824520768], [140.11346889768745, 35.628218260348795], [140.11382299134038, 35.62823664175354], [140.11390450438319, 35.628093513948855], [140.11414642373606, 35.62766206250937], [140.1143094020364, 35.62736876766752], [140.1145084527832, 35.62701905909569], [140.11466113221897, 35.62674127931094], [140.1147923829891, 35.626502240988636], [140.1149776866787, 35.626175096139875], [140.11498712450202, 35.626154161036965], [140.1151218966419, 35.62585483905466], [140.1154085942023, 35.625159196806976], [140.1148698650298, 35.625157224901145], [140.11459638447138, 35.625109333199966], [140.1144457546291, 35.62507735662048], [140.11339550368785, 35.62482488248108], [140.11339241853827, 35.62482414958618]]]}, "properties": {"key_code": "12103021004", "name": "千葉市稲毛区轟町四丁目", "population": 911, "households_total": 602, "young_pop": 174, "pop_active": 303, "senior_labor": 59, "pop_senior": 154, "family_hh": 69, "senior_hh": 83, "pop_young": 174, "rate_young": -0.002283128852169969, "rate_active": -0.030633798466615292, "rate_senior": -0.03071912624413886}}, {"type": "Feature", "geometry": {"type": "Polygon", "coordinates": [[[140.1119465777335, 35.63289286743685], [140.1124021716472, 35.63241139218271], [140.11247000262463, 35.632341280912975], [140.11255141525874, 35.632063416592885], [140.1125847542527, 35.63192896540875], [140.11260592243264, 35.63184359981851], [140.11267746743437, 35.63156177969541], [140.11275414855325, 35.631268681640584], [140.1128295683148, 35.630997731793116], [140.11298729852467, 35.63043476325526], [140.1130965762411, 35.63008388616048], [140.11310337907412, 35.630055669775594], [140.11332309044224, 35.62943904503469], [140.11345938753618, 35.62909424363276], [140.11363454036584, 35.628651140365434], [140.11373890352326, 35.62838188540509], [140.11379378555236, 35.62827754743647], [140.11382299134038, 35.62823664175354], [140.11346889768745, 35.628218260348795], [140.11304599824174, 35.62814824520768], [140.11297758546507, 35.62814333092809], [140.11249557854725, 35.62805316874551], [140.1115735254877, 35.62788541728142], [140.1114526154054, 35.628331591584534], [140.11132158105613, 35.62838821943684], [140.11108023088775, 35.628392918066844], [140.11094308103074, 35.62877776299388], [140.11087636237835, 35.62897672876606], [140.11073641102317, 35.62943731058165], [140.11061609404382, 35.62983597573039], [140.1106054470342, 35.62987125441501], [140.11050826060827, 35.63020203556272], [140.11029634749724, 35.63093574182705], [140.10988654837817, 35.6322820825036], [140.10992167812446, 35.63228953806842], [140.10985235627544, 35.63255966382452], [140.11082636208536, 35.6327643371436], [140.1112835004528, 35.63286966050058], [140.11151067495467, 35.632698847837794], [140.1115718247462, 35.63272384619256], [140.11190660205187, 35.63292425822664], [140.1119465777335, 35.63289286743685]]]}, "properties": {"key_code": "12103021005", "name": "千葉市稲毛区轟町五丁目", "population": 1648, "households_total": 806, "young_pop": 219, "pop_active": 621, "senior_labor": 196, "pop_senior": 519, "family_hh": 189, "senior_hh": 223, "pop_young": 219, "rate_young": -0.047274076805664644, "rate_active": -0.03653043463485772, "rate_senior": 0.04126267322236865}}, {"type": "Feature", "geometry": {"type": "Polygon", "coordinates": [[[140.1247616132834, 35.66599223547309], [140.12700061635266, 35.66509112757386], [140.12738467090003, 35.66534972609023], [140.12811483842512, 35.66467099428009], [140.1281389275683, 35.66464562117058], [140.12813616065142, 35.66436395550309], [140.1282170481449, 35.66428489131292], [140.1280990899326, 35.66405279672556], [140.1278042341454, 35.663726770045756], [140.12715847165677, 35.663189841519646], [140.12677122806178, 35.662847380518514], [140.126219977367, 35.66232479382516], [140.12543615752128, 35.66150140516045], [140.12513974412263, 35.66122322348938], [140.1253278301636, 35.661047501452146], [140.12547827797152, 35.6609069408516], [140.1255194099284, 35.66093465700621], [140.12580964845444, 35.660731158342145], [140.12579752135068, 35.66071851214749], [140.1259077465646, 35.66063445132332], [140.12597965969067, 35.66070188026919], [140.12630139728105, 35.66048879901039], [140.1260207043339, 35.66022660112852], [140.1252494167594, 35.65952426494254], [140.12453534406566, 35.65839645815258], [140.1239147093342, 35.657396618138925], [140.12358669154034, 35.65744246269414], [140.12318920612327, 35.65751632064404], [140.12285912383427, 35.657676387316556], [140.12274533549342, 35.657730174130975], [140.12224853195656, 35.6578862671023], [140.1221726977849, 35.65792447194554], [140.1214969885332, 35.658272531455644], [140.12141311420135, 35.65823540955371], [140.12074895844015, 35.65854454619686], [140.12045228642458, 35.65810900760327], [140.11999190752041, 35.65737915286716], [140.11919127541273, 35.65608404046166], [140.11911449254097, 35.655971795670034], [140.1190464644102, 35.65587235240572], [140.11903975198945, 35.65585944641924], [140.11827485617965, 35.654799899831644], [140.11820465584566, 35.65388314037498], [140.11822200731882, 35.65385585778734], [140.11821978122197, 35.65383021295147], [140.11821925427418, 35.65382124293578], [140.1182181096419, 35.65378045878505], [140.11818057770208, 35.653785054111154], [140.1181027749153, 35.65378159998896], [140.1180371603733, 35.65377868539109], [140.11795752858683, 35.65377514966307], [140.1178777842213, 35.653771608646096], [140.11781561131306, 35.653768847013104], [140.11779508836196, 35.65376793533992], [140.11774933873272, 35.653768704902255], [140.11770140999653, 35.65376950928536], [140.1176703013776, 35.65377003199061], [140.11762089982284, 35.65378288639326], [140.11758262063853, 35.653793033732086], [140.1175082192511, 35.65381220539838], [140.11745321468393, 35.653826517602155], [140.1174320769971, 35.65383201708414], [140.11737332542148, 35.653847304123914], [140.11731722916673, 35.65386190050833], [140.1173134064646, 35.65384660053547], [140.11730501634744, 35.653813017238555], [140.11729332389132, 35.653766200198916], [140.11727977826789, 35.6537119753739], [140.11727257121157, 35.653683121663555], [140.1172634493908, 35.65364660119363], [140.11728314414987, 35.65359517715002], [140.11727683289843, 35.65355613534812], [140.11726707308145, 35.65349576032086], [140.1172583864959, 35.6534420175513], [140.11724951453513, 35.653387136960646], [140.11724738665652, 35.653373969774535], [140.11724116644487, 35.65333549440747], [140.1172330396231, 35.653285218450414], [140.11722457081132, 35.65323283171374], [140.11722080168815, 35.65320951672266], [140.11721424888503, 35.65316899746439], [140.11725903759228, 35.6531671290383], [140.1172957436135, 35.653165598120715], [140.11732333108284, 35.653164446213296], [140.11732650201975, 35.65316431442948], [140.11736544959305, 35.65316268965067], [140.11739158335078, 35.653161598909534], [140.11742015343685, 35.65316040671095], [140.11744947026102, 35.653159184142766], [140.11748827831798, 35.653157565154515], [140.11753160722878, 35.65315575782673], [140.11755765538464, 35.653154670002436], [140.117570356115, 35.65315307005069], [140.11760074326358, 35.653149240066305], [140.11764339656912, 35.65314386505128], [140.1176632881474, 35.65314135860785], [140.1177275018664, 35.65313326579182], [140.1177528797175, 35.653130067559744], [140.11777175999435, 35.653127687809786], [140.11780718940088, 35.653123223708896], [140.1178280807922, 35.65312059055667], [140.1178668438614, 35.653115705992064], [140.11788168235057, 35.65311383581264], [140.11791149946265, 35.65311007751447], [140.117942862136, 35.65310612522372], [140.11796708112553, 35.653103073813526], [140.1179923464307, 35.653099890103], [140.11802089217358, 35.65309629156199], [140.11803511417816, 35.653094499285594], [140.1180818226311, 35.653088612852294], [140.11811484133162, 35.65308445196878], [140.11812614266103, 35.65308302745148], [140.11812510384792, 35.653062892443764], [140.11812393146351, 35.65304014463999], [140.1181226576507, 35.65301546392324], [140.11812123358038, 35.65298784642386], [140.11812027318447, 35.6529692482898], [140.11811902752046, 35.65294507582479], [140.11811812656464, 35.65292761796689], [140.1181175818916, 35.65292059630891], [140.11811266463167, 35.65289788428604], [140.1181097507203, 35.652885154575905], [140.11810627471147, 35.65286838164457], [140.11810342390186, 35.652855211132085], [140.11810154119286, 35.65284651418447], [140.1180990362529, 35.65283502625007], [140.11790487951674, 35.65206348883118], [140.117630518164, 35.6523535455968], [140.11720729347113, 35.65207076167322], [140.11761836268022, 35.65162758007432], [140.1165579596554, 35.65014849897211], [140.11644322293776, 35.65040649192526], [140.11608875599046, 35.6505108336931], [140.11581330713784, 35.65074494242011], [140.11560768756198, 35.65095265881988], [140.11523941559315, 35.65132250170617], [140.1150745063335, 35.65146822635213], [140.1150122036351, 35.651531465010265], [140.1149328467104, 35.65155981651878], [140.11486722237547, 35.65156278591103], [140.11480151795436, 35.651543222010204], [140.11457650537187, 35.651402911123405], [140.1144829776096, 35.65133552806218], [140.11420411957172, 35.6514820446007], [140.11406045125156, 35.65159468396265], [140.11405897200197, 35.65159361958494], [140.11404794518984, 35.65158596364914], [140.11395158589556, 35.6515190570681], [140.11386710030487, 35.65159165336832], [140.1138370396045, 35.65161748144306], [140.11383221182882, 35.65162116093006], [140.11364970801867, 35.651480478280675], [140.1131812770977, 35.65186463247347], [140.1130427185316, 35.65175513717607], [140.11288410086075, 35.65183437121308], [140.1128739166482, 35.65188224331921], [140.11274628883436, 35.651936090588464], [140.11258705295404, 35.6519750123872], [140.11231292867188, 35.65209676293022], [140.1122767357914, 35.652115154394096], [140.11225608683014, 35.65213773559518], [140.11225269611694, 35.652154643596575], [140.11223309234097, 35.652222993711], [140.11220242449707, 35.65233995792048], [140.11220105251357, 35.65243995327984], [140.1122228236772, 35.65249694172008], [140.11227315959115, 35.652568650795104], [140.11236150038238, 35.65264590659587], [140.1125232881215, 35.65274200479749], [140.11281401455653, 35.652915967807715], [140.1128944965934, 35.652972819104455], [140.1131369726309, 35.65317646847225], [140.1134010677185, 35.65338922358496], [140.11339167654512, 35.65339949186159], [140.11331928334837, 35.6534591279097], [140.11306477303174, 35.65326677027688], [140.11287170947145, 35.65311581951322], [140.11278861711068, 35.65305967788689], [140.1127367225181, 35.65303585546492], [140.11266755384764, 35.653006440664505], [140.1125932155726, 35.65298548674529], [140.1125197685078, 35.652966644335066], [140.11244720734618, 35.65295413629118], [140.112283046692, 35.652924940617154], [140.11226798603658, 35.65294201639657], [140.11215411564163, 35.6530754027966], [140.11178242433235, 35.653467750538006], [140.11153278579965, 35.65370493330051], [140.11131969291444, 35.65401248556777], [140.11111072308282, 35.65391990769078], [140.11061022344668, 35.653687266769545], [140.11030559506068, 35.6535636058129], [140.110091467765, 35.65346322148058], [140.10999812180938, 35.65344090125245], [140.10975090329973, 35.65337664658585], [140.10947079936477, 35.6532900029509], [140.10923914397563, 35.65322856387247], [140.10870262794577, 35.653094064069656], [140.10842833916342, 35.653010718957255], [140.10824506184323, 35.652954804055334], [140.10792695676793, 35.65286817793189], [140.1074715659269, 35.65273971905341], [140.10716618934336, 35.652653695573285], [140.1074185074493, 35.6520327380204], [140.10752961982297, 35.65175926284437], [140.10768361349892, 35.65138087256682], [140.10739235915406, 35.65138572682572], [140.10599063012373, 35.65139563942684], [140.10547810636749, 35.65140352581335], [140.10542783964002, 35.65153299867324], [140.1051513740478, 35.651491373350126], [140.10514797904295, 35.65151391480766], [140.1047817171021, 35.6514781250994], [140.10474411570945, 35.651596512378156], [140.1049265037846, 35.65170933265518], [140.10575272973247, 35.65214806742327], [140.10591177407008, 35.65222146969708], [140.10593361306658, 35.652236596348054], [140.10603091368813, 35.65228126654656], [140.1062158830592, 35.65232182943029], [140.10636335650642, 35.652360365223764], [140.1064198053175, 35.6523922067413], [140.10658043161126, 35.65251750255597], [140.10665342485538, 35.65264975760775], [140.1066953344928, 35.65278201289896], [140.10676848300307, 35.65295933501704], [140.10679982805524, 35.65302964646364], [140.10682950909245, 35.65306764038183], [140.10696265890903, 35.653168034405866], [140.10707692173293, 35.6532522758044], [140.10713232273494, 35.653285950665506], [140.10722210465264, 35.65332609609602], [140.1073093418913, 35.65337892267037], [140.10773601623563, 35.653592550710655], [140.10796441382968, 35.653710227061104], [140.1080491910723, 35.65374957348608], [140.10824697772557, 35.653859398246354], [140.10867727491762, 35.654102801257125], [140.1087061725681, 35.65411935334557], [140.10897853943874, 35.65428252320585], [140.10924681079223, 35.65444538506765], [140.1092802333259, 35.65447389990198], [140.10951915987985, 35.65463390898686], [140.10979622941363, 35.6548388984026], [140.10991394098625, 35.65491468136264], [140.1100351752305, 35.65501017343083], [140.11028634904926, 35.65521803777287], [140.11065032840747, 35.65557774748049], [140.11079942073323, 35.65573796019087], [140.11086887509748, 35.655842020598236], [140.1106018316283, 35.656034173254554], [140.11073010862384, 35.65616908301382], [140.11048195997128, 35.65633020769247], [140.1105897850092, 35.65643960191073], [140.1104244297481, 35.65656532640774], [140.1105396457917, 35.656672802951725], [140.110417367102, 35.65676744536245], [140.1103160966108, 35.656817886836805], [140.11039252317286, 35.65693601528864], [140.1100992624457, 35.65704654103323], [140.11023791516146, 35.657181427518886], [140.10995846115432, 35.65728628775665], [140.1100063426241, 35.657464197020204], [140.1100359125829, 35.65770573590134], [140.10998534504495, 35.6579211920927], [140.11086413706792, 35.65830056476802], [140.11088962850448, 35.658323463296185], [140.1110580436512, 35.658498981962474], [140.111207072011, 35.65839794024306], [140.11124838632196, 35.65846143342803], [140.11130408968924, 35.658555490481504], [140.11132832726582, 35.65859645368895], [140.11141648165685, 35.65876113708415], [140.11133841774776, 35.658977679273484], [140.1116185165563, 35.659167093671286], [140.11163726997606, 35.65918782402586], [140.11177677294788, 35.65934214287409], [140.11195854121715, 35.65951048194735], [140.11198876025023, 35.659546643284706], [140.1118172079296, 35.65963442872467], [140.11191436437431, 35.65975701515618], [140.1117462931161, 35.659848031731364], [140.11176435144972, 35.65988601573286], [140.1117611190979, 35.659985419384725], [140.11176139535863, 35.66006435882305], [140.11174367402566, 35.66012288197129], [140.11170836465274, 35.660272075252884], [140.11166946670951, 35.66041835495842], [140.1118129303216, 35.66045897228636], [140.11211423772517, 35.66056059690193], [140.11262336296443, 35.66067346294076], [140.11303213144063, 35.66077191379165], [140.11309172145633, 35.660608897020545], [140.11309557359778, 35.66061202118625], [140.1134904311197, 35.660901196350544], [140.11385076287016, 35.66119893586019], [140.11401044781047, 35.66141549008053], [140.11421191354205, 35.6617220134666], [140.1139918790308, 35.66166731627913], [140.11347909145297, 35.66153400623986], [140.11292689221233, 35.66140663055787], [140.1119122174701, 35.66118969139324], [140.11183038723973, 35.66135360332821], [140.11182797320575, 35.66136631949295], [140.11176353127232, 35.661704620172344], [140.1114382989535, 35.66193050065112], [140.1112772202202, 35.661974742702725], [140.11129313297303, 35.66242496678756], [140.1113050950055, 35.6627498194043], [140.11131979359752, 35.66314864065236], [140.11134285445596, 35.66314816559239], [140.1115716588788, 35.663143377096254], [140.11170117528468, 35.66314790339979], [140.11177388331745, 35.66315044634861], [140.11193305901097, 35.66316025477004], [140.1120444849372, 35.663167145178946], [140.11263092146953, 35.663205682065076], [140.11298815536816, 35.6632279879236], [140.11333551539877, 35.66320211528091], [140.11336585886605, 35.663199472956734], [140.11349465893838, 35.66319692074993], [140.11391730143703, 35.6632345804264], [140.11399916505553, 35.66324187366965], [140.11417464275652, 35.66324938779917], [140.11429304869253, 35.66324735184731], [140.11466879966255, 35.663240878565446], [140.11484434325317, 35.66323705407081], [140.11488234358663, 35.6632397473901], [140.11490675339843, 35.663273456659184], [140.1150653324855, 35.66347511941321], [140.11512131201965, 35.66352329578904], [140.11518271677497, 35.66356811510918], [140.11524002536297, 35.663607944197295], [140.11537974717058, 35.66371652113111], [140.1155457277953, 35.66384478963405], [140.11572312123448, 35.66399063488061], [140.11586175164823, 35.664149845678686], [140.11590503051804, 35.66420565829297], [140.1159638250485, 35.66430469842002], [140.11605838131806, 35.66446398288744], [140.11623486481517, 35.664742429205745], [140.11626440067099, 35.66479172379342], [140.11632522947758, 35.66489319618998], [140.11652983181986, 35.665210059368114], [140.11668175384324, 35.665465641632025], [140.1167970527624, 35.66566926941369], [140.11691516825914, 35.66593658451833], [140.11698356421323, 35.66612652013257], [140.117009441541, 35.66620891564713], [140.11703621680988, 35.66629416985289], [140.11709410378518, 35.666459695204416], [140.11712835507876, 35.66657217901636], [140.11716260961245, 35.666662058277595], [140.11742578109587, 35.667326441990404], [140.1175531460896, 35.66763961190828], [140.1177498233469, 35.66813176539409], [140.11797404708966, 35.66865293592831], [140.11799035896897, 35.66868969082595], [140.12003284134263, 35.667852394745616], [140.12063869442596, 35.66760480372378], [140.12077568238217, 35.66755202515247], [140.12080908693628, 35.66753915405551], [140.1209675795109, 35.667478088307384], [140.12103803142276, 35.667450944339606], [140.12134516534763, 35.667332607400546], [140.12244833529718, 35.66690756991142], [140.12304470357256, 35.6666715997962], [140.12359913542215, 35.66645221970113], [140.1247616132834, 35.66599223547309]]]}, "properties": {"key_code": "121030220", "name": "千葉市稲毛区長沼町", "population": 9358, "households_total": 4468, "young_pop": 824, "pop_active": 3662, "senior_labor": 1220, "pop_senior": 3788, "family_hh": 1109, "senior_hh": 2204, "pop_young": 824, "rate_young": 0.02593026336729043, "rate_active": -0.004684929620798917, "rate_senior": 0.011755073415565587}}, {"type": "Feature", "geometry": {"type": "Polygon", "coordinates": [[[140.137295050836, 35.67535878526097], [140.13722834138423, 35.67382433591052], [140.13721961907225, 35.673680634887724], [140.13721436201126, 35.67360864578827], [140.1372091351339, 35.67354478932882], [140.13720282082673, 35.673478295477565], [140.13719473933787, 35.67341268683651], [140.1371852491265, 35.67335056686696], [140.13712629277674, 35.67301214557617], [140.13706893838068, 35.67272019545168], [140.13704903714836, 35.672638067673795], [140.13701270988076, 35.6724459189739], [140.13695469748407, 35.672173722024496], [140.1369290497259, 35.67207301882079], [140.1369024024487, 35.671991787572175], [140.13686478076923, 35.6719311821756], [140.13680679239974, 35.67184770566623], [140.1366329429137, 35.67163209949534], [140.13643435651886, 35.67137328193793], [140.13639070944842, 35.67131649342872], [140.13595620789124, 35.670551608287774], [140.13617243443375, 35.670472305612115], [140.13908979029645, 35.66948075690054], [140.14097005196783, 35.66885366046132], [140.1409709136796, 35.66879918947178], [140.14097144138276, 35.6687658473219], [140.14003400747453, 35.66803589091352], [140.13977514274177, 35.66780674078957], [140.1388030150647, 35.66703179199312], [140.13853789585755, 35.6668183919103], [140.13702973718395, 35.66560536821977], [140.13430969022747, 35.66780069765838], [140.13404162027774, 35.667266190927954], [140.13398779760806, 35.66719872363586], [140.1336957943467, 35.66672342526882], [140.13347688714268, 35.66639159648982], [140.13335210114562, 35.66628768697537], [140.13319095507018, 35.666158516742385], [140.1329651480121, 35.66582670346163], [140.1330288464369, 35.665766902885295], [140.1328548260318, 35.665432144756814], [140.13257089114813, 35.66526384185872], [140.13214605060963, 35.66483956448633], [140.1320007083275, 35.664775137227025], [140.13313902418196, 35.66382874405975], [140.1339639134605, 35.66315352043239], [140.13317380828138, 35.662517239478674], [140.13250667631672, 35.661966805536295], [140.13142460099505, 35.66108758654372], [140.13283996329645, 35.66080826401445], [140.13246247168775, 35.66031697749749], [140.13067996290442, 35.65771519655102], [140.1301888048293, 35.657986788966824], [140.12875324535537, 35.656313726021814], [140.1283025669565, 35.65579361494241], [140.12810191952752, 35.65546947156961], [140.12844310752803, 35.65528482736443], [140.12868162475226, 35.65536822732934], [140.12863040151015, 35.6553296582113], [140.1286193273414, 35.65532161981542], [140.12860968679317, 35.655293442431294], [140.1285804212156, 35.65520795385247], [140.1285262216637, 35.65517562209763], [140.12857179731458, 35.655052880083495], [140.12857211908056, 35.655052035951655], [140.12865325307263, 35.655007828556236], [140.12880467443497, 35.65492528932185], [140.12887487073087, 35.65477044715118], [140.1289613273226, 35.6545797256725], [140.12895973489202, 35.65415254344431], [140.1289592037379, 35.65401005510486], [140.1289245982335, 35.65388152079261], [140.1289121538429, 35.65383532108205], [140.128898716357, 35.653748915403646], [140.12889633065336, 35.65373349916404], [140.1288919868583, 35.653720096720264], [140.12883822037858, 35.653554285405704], [140.12882690440716, 35.65348128966863], [140.128828155132, 35.65347540626256], [140.1288363355335, 35.65343665870184], [140.12883741860284, 35.65343154973971], [140.12883069989178, 35.65343455859546], [140.12853459886463, 35.653572019199785], [140.12843690243648, 35.65361735570043], [140.12812859860077, 35.653780371231605], [140.12752957617568, 35.654102133715725], [140.12735930563696, 35.654190985151935], [140.12717849392985, 35.65428795964312], [140.12670268561862, 35.654536965472026], [140.12635792439994, 35.65472369025359], [140.12629588053443, 35.654763272059505], [140.12605453481518, 35.65488778221477], [140.1258838566802, 35.65497832333398], [140.12566192792207, 35.65509859803316], [140.12532534216672, 35.65528100493563], [140.125211609902, 35.65535450986419], [140.1248769733813, 35.65556877672073], [140.12510265116927, 35.6558104797631], [140.12510787111617, 35.655816100822506], [140.12510888882682, 35.65581715467854], [140.12531376030608, 35.65602577467337], [140.12555305163528, 35.65627871076538], [140.12567450674493, 35.6564220745208], [140.12581885833086, 35.656555841853276], [140.12597268488037, 35.65671993645923], [140.12478576847306, 35.657117102809075], [140.1239147093342, 35.657396618138925], [140.12453534406566, 35.65839645815258], [140.1252494167594, 35.65952426494254], [140.1260207043339, 35.66022660112852], [140.12630139728105, 35.66048879901039], [140.12597965969067, 35.66070188026919], [140.1259077465646, 35.66063445132332], [140.12579752135068, 35.66071851214749], [140.12580964845444, 35.660731158342145], [140.1255194099284, 35.66093465700621], [140.12547827797152, 35.6609069408516], [140.1253278301636, 35.661047501452146], [140.12513974412263, 35.66122322348938], [140.12543615752128, 35.66150140516045], [140.126219977367, 35.66232479382516], [140.12677122806178, 35.662847380518514], [140.12715847165677, 35.663189841519646], [140.1278042341454, 35.663726770045756], [140.1280990899326, 35.66405279672556], [140.1282170481449, 35.66428489131292], [140.12813616065142, 35.66436395550309], [140.1281389275683, 35.66464562117058], [140.12811483842512, 35.66467099428009], [140.12738467090003, 35.66534972609023], [140.12700061635266, 35.66509112757386], [140.1247616132834, 35.66599223547309], [140.12359913542215, 35.66645221970113], [140.12304470357256, 35.6666715997962], [140.12244833529718, 35.66690756991142], [140.12134516534763, 35.667332607400546], [140.12103803142276, 35.667450944339606], [140.1209675795109, 35.667478088307384], [140.12080908693628, 35.66753915405551], [140.12077568238217, 35.66755202515247], [140.12063869442596, 35.66760480372378], [140.12003284134263, 35.667852394745616], [140.11799035896897, 35.66868969082595], [140.1182751997048, 35.66932268487064], [140.11809497725497, 35.669410218380726], [140.11780450643386, 35.66955124911703], [140.1176688549596, 35.66961984032265], [140.1173339746315, 35.669789212180575], [140.1173184271519, 35.66979706531398], [140.11719806190223, 35.669857944887696], [140.11719778107442, 35.6698572760177], [140.11712376417447, 35.66967143831909], [140.1171230555284, 35.669672179387014], [140.11707917145682, 35.669713794697095], [140.1170783746174, 35.66971457173201], [140.1167871940388, 35.66999055983077], [140.11654731465296, 35.67021790997403], [140.11646725860308, 35.67029344682541], [140.11647382901455, 35.6703329015065], [140.1164777072534, 35.67035616658235], [140.11648050618044, 35.670372989711325], [140.11651604378042, 35.6705866287697], [140.11655534828012, 35.670822864705364], [140.11655697419226, 35.67082525569767], [140.11658942222272, 35.67087285289136], [140.11660087813115, 35.670879798052525], [140.1166275873862, 35.67088596631746], [140.11673673613603, 35.670898421058965], [140.1167792773817, 35.67090328507345], [140.11678104792878, 35.6709034927194], [140.1168701444708, 35.67100472244236], [140.11692408191962, 35.671065966134364], [140.1169251408051, 35.671066069822984], [140.1179445311007, 35.671162465032815], [140.11802262208255, 35.671232629675046], [140.11802351088366, 35.67123343794992], [140.11802640807835, 35.67123554314146], [140.1180398201096, 35.671245335531], [140.11806688685854, 35.67125488441247], [140.11809518622576, 35.6712648517926], [140.1180981870436, 35.67126519625171], [140.11814182525154, 35.671269036658224], [140.11814861928966, 35.67126845725248], [140.11821094080003, 35.67126059962806], [140.11831831453637, 35.67125266959317], [140.11831928857427, 35.6712539348405], [140.11842055532293, 35.67138523946786], [140.1184331933408, 35.67140161785953], [140.11844976193376, 35.671426083538236], [140.11845132766192, 35.67142840422669], [140.1185340514679, 35.67155753328932], [140.1186173804317, 35.671674232928666], [140.11861983017891, 35.671677149537686], [140.11862338232507, 35.67168140095692], [140.1186867829654, 35.67175716304566], [140.11874638314427, 35.67181462504633], [140.11878730117172, 35.67185410443179], [140.1188626491043, 35.67191659928117], [140.11899687741084, 35.67201557212014], [140.11913542299558, 35.67209717728299], [140.11915524854533, 35.67210885456209], [140.1195567478033, 35.673531078621835], [140.1197314347236, 35.67397307406185], [140.1198548232039, 35.6742852662872], [140.12023524277348, 35.6748843344549], [140.12029662632403, 35.67490851821721], [140.1203027200991, 35.67491093262667], [140.12032463762023, 35.67489753597075], [140.12035699297292, 35.67487770629261], [140.1208405436985, 35.67469476677802], [140.12310871712842, 35.67397673673023], [140.12346330155356, 35.67471546395247], [140.12363302731555, 35.67507444006217], [140.1250057855373, 35.67788712017811], [140.12510068149462, 35.67808216310519], [140.12540277507944, 35.67870302034233], [140.1256028144935, 35.67911709380115], [140.1290377180009, 35.67803064088904], [140.1305453247687, 35.677552667315766], [140.1317761035851, 35.67714898408499], [140.13249662260407, 35.67691601746436], [140.133725233016, 35.67655415021106], [140.13419330175128, 35.6764027822058], [140.1347265365496, 35.67623030206425], [140.1356385505225, 35.675947267276825], [140.13717380945383, 35.67544813348143], [140.13722911590668, 35.67543327711167], [140.137295050836, 35.67535878526097]]]}, "properties": {"key_code": "121030230", "name": "千葉市稲毛区長沼原町", "population": 4168, "households_total": 1871, "young_pop": 354, "pop_active": 1561, "senior_labor": 721, "pop_senior": 1855, "family_hh": 464, "senior_hh": 929, "pop_young": 354, "rate_young": -0.028944883137822952, "rate_active": -0.025915617959971438, "rate_senior": 0.005257107237736092}}, {"type": "Feature", "geometry": {"type": "Polygon", "coordinates": [[[140.12825598879968, 35.64861549635922], [140.12825282432777, 35.64853730912822], [140.1282527528495, 35.64853533656402], [140.12815969064263, 35.64845803079769], [140.12807770615774, 35.648389747997], [140.12781516504114, 35.6481731430538], [140.12776644374426, 35.64813991692645], [140.12772796845292, 35.64812434175469], [140.12770891569102, 35.648116605159366], [140.12765626561202, 35.64810578049857], [140.12765255413413, 35.64810501697451], [140.12763242122097, 35.64810309222539], [140.12755202628713, 35.64809536206185], [140.12735909326068, 35.64807973110747], [140.12731451709763, 35.64807610576509], [140.12711450901364, 35.648043205876355], [140.12709772740564, 35.648037505277884], [140.12707248032729, 35.648028904767095], [140.12693548756363, 35.64793568231338], [140.1269351841332, 35.64793547398842], [140.12682557674123, 35.64785732508502], [140.1267858978331, 35.64783692897959], [140.1267226639789, 35.647804406365836], [140.12669814077628, 35.64779326908602], [140.12663196030627, 35.64776314645013], [140.12655786410963, 35.64773899488996], [140.12655587774495, 35.64773864807787], [140.1264937816669, 35.64772742171206], [140.126280577076, 35.64771261329145], [140.12605187547268, 35.64767248992432], [140.1258042909363, 35.64762903141728], [140.12570479503935, 35.64760131248681], [140.12553097542457, 35.64753454555903], [140.12525466087382, 35.6474284139697], [140.12513234147406, 35.64737680876852], [140.12511929080753, 35.647371098878196], [140.12508334146082, 35.64735565839711], [140.12508146298077, 35.64735478043618], [140.12493829265765, 35.64728766183123], [140.12480896646983, 35.64721385608943], [140.12480779936703, 35.647213047411334], [140.12468479948797, 35.6471296137421], [140.1246503207116, 35.647104027396225], [140.1245043024385, 35.6469957558113], [140.12428778610422, 35.646816493781756], [140.12428728655658, 35.64681593163166], [140.12425169695032, 35.64678094835968], [140.12422818396487, 35.64675149894469], [140.12421299202356, 35.646732489983805], [140.12420794135923, 35.64659895721581], [140.12422161217273, 35.64645950066122], [140.1242313555844, 35.64636005172263], [140.12422802274867, 35.64623633680848], [140.12422621814605, 35.64616898889331], [140.1242376922466, 35.64599049469268], [140.12423753595183, 35.64594877369797], [140.1242373140998, 35.64588955287987], [140.12424725591686, 35.645802953803845], [140.12425657338315, 35.64572188328708], [140.1242540083235, 35.645671050213295], [140.12425179721467, 35.64562725568589], [140.12419478865812, 35.64544261874197], [140.12412679092026, 35.64527240707706], [140.1241077463496, 35.645226575777116], [140.1241023037385, 35.645213491967446], [140.12407664400456, 35.64515176242392], [140.12404645921583, 35.645057194528356], [140.1240551343466, 35.64501210800539], [140.12405631297008, 35.64501023921503], [140.124209171065, 35.64476346189837], [140.12427944233735, 35.64462105563469], [140.12452939157194, 35.644115552693314], [140.12454415839315, 35.64408439539768], [140.12469322011077, 35.64378752441936], [140.12482153963708, 35.64354925268936], [140.12491030047718, 35.643367900459225], [140.1249859269559, 35.643215377967614], [140.12506700859186, 35.643051155301414], [140.1251658317268, 35.64290129021563], [140.12523612066934, 35.642797473066686], [140.12532407788507, 35.64269452909644], [140.12532515365484, 35.642693820755795], [140.12532558329323, 35.64269353863138], [140.1254397419012, 35.642617644409], [140.12554441381852, 35.64255430532515], [140.12564678584923, 35.642504667938304], [140.12577373337047, 35.64245102755309], [140.12582480675275, 35.64242770730697], [140.12587295182385, 35.64240572744946], [140.12587575428228, 35.642405685623245], [140.12587607916174, 35.64240568485599], [140.1259358853504, 35.64240466395487], [140.12596901497548, 35.64240458569146], [140.12597026036553, 35.64240328061586], [140.12602291691022, 35.64234766728396], [140.12602375650468, 35.642347245558824], [140.12604196837054, 35.6423382223727], [140.12608134549293, 35.64231869524389], [140.12611772333236, 35.64230508952932], [140.12691722401684, 35.64200396724326], [140.12692716879852, 35.641981553290535], [140.1269848485963, 35.64185139271762], [140.12698839797648, 35.64184335807262], [140.12709314176817, 35.64163957467207], [140.12711279536947, 35.64157210553527], [140.12709096889407, 35.64146980933576], [140.12691551990733, 35.640823531651264], [140.126793220642, 35.64046924353724], [140.1267161640079, 35.640334616369266], [140.12616995905674, 35.639629288596296], [140.12579951446583, 35.63937283067869], [140.12470639977778, 35.638670647189315], [140.12464283163146, 35.63864660853862], [140.12449567105614, 35.63860202731357], [140.12423202783066, 35.63852022457677], [140.12408788279492, 35.63846313805989], [140.124038654179, 35.638398328407526], [140.12401989145303, 35.63829602541477], [140.12401915523589, 35.63810125645774], [140.12411397178056, 35.636857601208206], [140.12413798994123, 35.63630324515991], [140.12411564854372, 35.63604611356665], [140.12408825251345, 35.635958337837266], [140.12396186142578, 35.635761197841816], [140.1237939419645, 35.6357399728683], [140.12384409102364, 35.63533945327054], [140.12385840123724, 35.635225177002454], [140.12388493791832, 35.63497458575752], [140.12388570966343, 35.63496726104016], [140.12358175627594, 35.634907028882324], [140.1234741726944, 35.63492484793569], [140.12334509286688, 35.63495151860393], [140.12307378358568, 35.63490039790043], [140.1227094322607, 35.63483199568573], [140.122836325857, 35.634331066542636], [140.1224226799144, 35.634537951179894], [140.1223310304942, 35.63461040804063], [140.12227217868093, 35.63467479513035], [140.12219372770102, 35.63476595035498], [140.1221217967273, 35.63484638767018], [140.12208142800392, 35.63490506459925], [140.12195260714245, 35.63500633513624], [140.12154083754135, 35.635381612272866], [140.12125910913943, 35.63560182374263], [140.12101493606764, 35.635795612468065], [140.12072381811322, 35.63602570435333], [140.1204662665628, 35.636234873506396], [140.12019526619943, 35.63645287677552], [140.1199175533808, 35.63666758938963], [140.11963050952983, 35.63688560345938], [140.11889148911715, 35.637491401316694], [140.11844215373293, 35.637872137930984], [140.11792381185415, 35.6383113362667], [140.11796590960986, 35.63836588056568], [140.11835314790127, 35.639123177422675], [140.11842879379782, 35.63908884917362], [140.1184898726334, 35.639202005799376], [140.11872087946563, 35.6396248035582], [140.11868157925753, 35.63963901404893], [140.11864025899507, 35.63965509583046], [140.11856751634159, 35.63954855049278], [140.11832962488174, 35.63963554357478], [140.11839766763032, 35.63975970346874], [140.11853196669108, 35.63971347727802], [140.1186114224194, 35.63986296057437], [140.11860345158036, 35.639876111255866], [140.11866218561133, 35.63999677201764], [140.11884130069916, 35.640334348203986], [140.1182953808826, 35.640530679524275], [140.1182654097771, 35.64060686918498], [140.11825930217572, 35.640622972946026], [140.1180652415621, 35.64067356297523], [140.11810913217766, 35.64079235747062], [140.1177538307792, 35.64090585324872], [140.11742286549634, 35.64129229335019], [140.11722886501173, 35.64159412551755], [140.11755504588504, 35.64201304290362], [140.11810247770487, 35.64272673091465], [140.11812434482616, 35.64275551505086], [140.11865777787173, 35.643457755491085], [140.11915714352028, 35.64416366473307], [140.11944567656175, 35.64450651065257], [140.11978030638193, 35.644943605382124], [140.12008586272486, 35.64530211408456], [140.1202681748039, 35.645527474019055], [140.1203531638901, 35.64562585626561], [140.12136826810186, 35.64693037887725], [140.12188461331866, 35.647583007559255], [140.12236703760345, 35.648190273325355], [140.12277834770245, 35.64871602088821], [140.12331568170478, 35.64941775671617], [140.12363267906815, 35.64925896294251], [140.12426878082243, 35.65006844446246], [140.1252018872271, 35.650010507294205], [140.12536083402264, 35.64933829464634], [140.12525722120444, 35.648978504227074], [140.1253163968448, 35.64896956233069], [140.1253618236291, 35.64880362591844], [140.1264801578192, 35.648572829006476], [140.12739315273672, 35.649316781824695], [140.12787755688956, 35.65018451870619], [140.12808311450337, 35.65055518909104], [140.12825677896933, 35.65096825384658], [140.12833827933855, 35.65098805584331], [140.12876915560892, 35.65107254409006], [140.12850760817062, 35.650623815568444], [140.1283701027006, 35.65017278118573], [140.12834586372236, 35.650094394627544], [140.12834594681752, 35.65009355109317], [140.1283722446072, 35.64983735072033], [140.12839806281502, 35.6495859067364], [140.12829193451188, 35.64926439511034], [140.1282661480876, 35.64886699688629], [140.12826137835756, 35.64874620990362], [140.12825948605365, 35.64870238241159], [140.12825598879968, 35.64861549635922]]]}, "properties": {"key_code": "121030240", "name": "千葉市稲毛区萩台町", "population": 2038, "households_total": 894, "young_pop": 130, "pop_active": 870, "senior_labor": 169, "pop_senior": 738, "family_hh": 216, "senior_hh": 364, "pop_young": 130, "rate_young": -0.02024796987916999, "rate_active": 0.018193745127785377, "rate_senior": -0.013775071942788264}}, {"type": "Feature", "geometry": {"type": "Polygon", "coordinates": [[[140.1000569357085, 35.62632422697314], [140.10034988417408, 35.625908804256625], [140.10055388655033, 35.62600271702504], [140.10136648939525, 35.62492185546238], [140.10196607261616, 35.624258531206486], [140.10211165640973, 35.62412188750864], [140.10188868948413, 35.62401164632358], [140.1018050588931, 35.623960743428064], [140.101381654549, 35.6237189466347], [140.10115858876867, 35.62357751097232], [140.1007404025203, 35.62333429115845], [140.1002682079762, 35.623058549858264], [140.09976648767164, 35.62279276380927], [140.0993414597782, 35.62257796630118], [140.0992718015582, 35.62254688772395], [140.09921256655844, 35.62251860371826], [140.09894923810222, 35.622898258099546], [140.09867791446726, 35.62327292994258], [140.09825413573603, 35.62386065708035], [140.0979791035804, 35.624230230946296], [140.09768170652308, 35.62462520249384], [140.0976335866251, 35.62469290569186], [140.0971231586182, 35.62541788303461], [140.09721307880523, 35.625459939129385], [140.09696204525216, 35.62577876052305], [140.09671064671903, 35.62612574913585], [140.09758392964693, 35.626543547877546], [140.09808198980474, 35.62678751977174], [140.09854198566705, 35.627009038590465], [140.09930809833423, 35.62738762197099], [140.0995641928748, 35.6270349856826], [140.09981848928004, 35.626659819954156], [140.1000569357085, 35.62632422697314]]]}, "properties": {"key_code": "12103025001", "name": "千葉市稲毛区緑町一丁目", "population": 1955, "households_total": 1258, "young_pop": 378, "pop_active": 663, "senior_labor": 120, "pop_senior": 372, "family_hh": 150, "senior_hh": 162, "pop_young": 378, "rate_young": -0.03640157685769696, "rate_active": -0.038069866685956466, "rate_senior": -0.03213727155649382}}, {"type": "Feature", "geometry": {"type": "Polygon", "coordinates": [[[140.09867791446726, 35.62327292994258], [140.09894923810222, 35.622898258099546], [140.09921256655844, 35.62251860371826], [140.0993857004611, 35.62228261640057], [140.09894871188254, 35.62213452742781], [140.09881289622635, 35.62208088185382], [140.09848904028368, 35.6219595151843], [140.09831842691824, 35.62190027668653], [140.09774907940374, 35.6216928598902], [140.09714663838685, 35.621472731083514], [140.09706654680699, 35.621441673945384], [140.09697251876804, 35.62140212517911], [140.0967913618033, 35.62130882538163], [140.09662244361434, 35.62123965251632], [140.09654925635144, 35.62119720909427], [140.09646565470203, 35.62115482218694], [140.0963959512631, 35.62110955450803], [140.09636795031392, 35.62105852786462], [140.09634694982967, 35.62101882259538], [140.09633638413106, 35.620979095937905], [140.09632931331117, 35.62093936064841], [140.09635349686167, 35.62089107395341], [140.0963916161018, 35.620851241278345], [140.09649377540694, 35.62071332262547], [140.0965820610844, 35.62059247344422], [140.09666866416546, 35.62048444523869], [140.0967188305039, 35.620403427620005], [140.09676027522232, 35.620312501550586], [140.09678086701007, 35.620227289542576], [140.09677722034075, 35.62017335795233], [140.09677368281595, 35.620153473486376], [140.0967701158799, 35.62013077133257], [140.09675082039854, 35.62007831898117], [140.09549274948344, 35.62131813376602], [140.09517130700783, 35.621653688833746], [140.09499348986031, 35.621839229173936], [140.0945707599371, 35.622297666555006], [140.09411750948718, 35.62278781486555], [140.09403536770807, 35.622876751148695], [140.09409937802988, 35.62292168080979], [140.09423721294877, 35.62308615972796], [140.0946206574472, 35.623464037996364], [140.09498598226725, 35.62324637325033], [140.09533390824143, 35.62352165845092], [140.09588039012021, 35.62379369891555], [140.09567237827477, 35.624070177890765], [140.09575279957812, 35.624347691347616], [140.09580403112818, 35.62444686858106], [140.09595704754372, 35.6247887616038], [140.09599355159136, 35.62486191589064], [140.09619495265565, 35.62495795238137], [140.09703318394733, 35.625358927098304], [140.09702884626003, 35.62539034204147], [140.0971231586182, 35.62541788303461], [140.0976335866251, 35.62469290569186], [140.09768170652308, 35.62462520249384], [140.0979791035804, 35.624230230946296], [140.09825413573603, 35.62386065708035], [140.09867791446726, 35.62327292994258]]]}, "properties": {"key_code": "12103025002", "name": "千葉市稲毛区緑町二丁目", "population": 611, "households_total": 333, "young_pop": 95, "pop_active": 235, "senior_labor": 62, "pop_senior": 172, "family_hh": 61, "senior_hh": 89, "pop_young": 95, "rate_young": 0.0, "rate_active": -0.015429477416256221, "rate_senior": 0.009571122817161548}}, {"type": "Feature", "geometry": {"type": "Polygon", "coordinates": [[[140.1082454397403, 35.663469409917546], [140.1082945272112, 35.663459297993256], [140.10850258700435, 35.66341928099426], [140.1087021273727, 35.66341111328732], [140.10868559377175, 35.663358863691094], [140.10861445772477, 35.66337402663994], [140.10850929369272, 35.66301171280179], [140.1085715710997, 35.66299847319109], [140.10798425526883, 35.66114219121565], [140.10796591140178, 35.66108385648697], [140.1078364050114, 35.66112446677043], [140.10751430214367, 35.66122167684797], [140.10728173331722, 35.661315758958864], [140.106412436664, 35.66169785992518], [140.10621082738746, 35.66140886101789], [140.10588527870888, 35.66155286681803], [140.10560974551095, 35.66164996617513], [140.1054057425963, 35.66171475662298], [140.10505323273713, 35.66130328685137], [140.10517463962148, 35.661183124012396], [140.10543221797252, 35.661071454999124], [140.1055895444761, 35.66097751126233], [140.10562521387155, 35.66093651759372], [140.10570740889597, 35.660874925977346], [140.10582187218944, 35.66081910532006], [140.10595427131832, 35.660772046754644], [140.10628202433475, 35.66068120145954], [140.10646107223877, 35.660731531238376], [140.10661664582332, 35.66076212646116], [140.10665589918847, 35.660760136935075], [140.10678936339383, 35.66075331830988], [140.10689817209047, 35.66074743703026], [140.10718800777857, 35.66064537340553], [140.10745723902247, 35.66057430520007], [140.10817560143073, 35.660361442264744], [140.10812874674232, 35.66027993401425], [140.10796882459107, 35.66018924873861], [140.10763939998847, 35.66005067777312], [140.10735852111156, 35.65991431842794], [140.10723020987632, 35.65983834744602], [140.10656975622558, 35.659374558919325], [140.1064856704374, 35.65931771141992], [140.10643846533608, 35.65928468612283], [140.10625968802518, 35.659116122355236], [140.10599109740977, 35.658868857846265], [140.10581097098103, 35.65872842879394], [140.1053017670829, 35.65832678668156], [140.10519786119173, 35.65824533596378], [140.10510089665766, 35.65817513647384], [140.1048965650608, 35.65802631050169], [140.10473726688414, 35.65791400026739], [140.1044286735472, 35.65768622293372], [140.10453541456124, 35.6575873955223], [140.10485540690365, 35.65720922730544], [140.10498954248604, 35.65703428514416], [140.10517531649825, 35.656808524373844], [140.1055775431793, 35.656232995157495], [140.10567023766322, 35.65606377965379], [140.1058384604494, 35.655759188449935], [140.10595694268412, 35.65555611314182], [140.10617117339416, 35.655062694328], [140.1063784291093, 35.65455520717979], [140.10645162429446, 35.654381422930264], [140.10696265890903, 35.653168034405866], [140.10682950909245, 35.65306764038183], [140.10679982805524, 35.65302964646364], [140.10676848300307, 35.65295933501704], [140.1066953344928, 35.65278201289896], [140.10665342485538, 35.65264975760775], [140.10658043161126, 35.65251750255597], [140.1064198053175, 35.6523922067413], [140.10636335650642, 35.652360365223764], [140.1062158830592, 35.65232182943029], [140.10603091368813, 35.65228126654656], [140.10593361306658, 35.652236596348054], [140.10591177407008, 35.65222146969708], [140.10575272973247, 35.65214806742327], [140.1049265037846, 35.65170933265518], [140.10474411570945, 35.651596512378156], [140.1046333626756, 35.65153479450142], [140.10448968010184, 35.65143681397121], [140.1041340157771, 35.651795622482204], [140.10383610186938, 35.65161236014028], [140.10312032145748, 35.65241955228927], [140.10266681686275, 35.65215005824968], [140.10254338039667, 35.65208213483996], [140.10279006054586, 35.65179836025102], [140.10263782602823, 35.65172264985124], [140.10297669382106, 35.6513190983368], [140.10289588522156, 35.651271678015576], [140.10314706566314, 35.65098099174023], [140.10312718202712, 35.6508737180182], [140.10293336063, 35.65075866708026], [140.10274416148945, 35.650995696232116], [140.10265073455935, 35.6509480212305], [140.10253371950373, 35.65107503601868], [140.10265310942256, 35.651139553298606], [140.1020594664076, 35.65179971539943], [140.10251685556636, 35.65207680781483], [140.10235649235904, 35.65225715514328], [140.10223879096654, 35.65218809188983], [140.1021280751998, 35.65231593783053], [140.10224095149292, 35.65238708876948], [140.10185393046743, 35.65282236384846], [140.10165148090775, 35.65270789362763], [140.10152070204384, 35.65285465538672], [140.10121492097088, 35.65267890470553], [140.10107540957677, 35.65261460749253], [140.10102403676763, 35.652571273367315], [140.10105484619478, 35.65248388616592], [140.10109953244825, 35.652424635317495], [140.10121322586667, 35.652328613188374], [140.1014372844618, 35.652192910612015], [140.10164390159935, 35.651995278586284], [140.10169953035074, 35.65159236237566], [140.10148146453332, 35.65145764613596], [140.10173273422964, 35.651192312935876], [140.10153557565593, 35.65111670134589], [140.10118722430764, 35.65128084831382], [140.10107396911502, 35.65116001651788], [140.10077091961375, 35.650620160827565], [140.10061058088579, 35.650473836768384], [140.10037869373232, 35.650339149034274], [140.09993570003604, 35.65022697003236], [140.09987749906935, 35.650379202528], [140.09967531927302, 35.650335990717124], [140.09957945862348, 35.65058548428196], [140.09956049547225, 35.65059679320105], [140.09936588146866, 35.650488075131655], [140.09933287695276, 35.650428996802866], [140.09931878246394, 35.65034875114244], [140.099202917397, 35.65029830625493], [140.09897981644124, 35.65048825653541], [140.0989773652091, 35.650490342592285], [140.09895823134957, 35.65019251601987], [140.09895174002654, 35.65005662249088], [140.09880159874157, 35.649823870036435], [140.09856009302075, 35.6491955316219], [140.09824552418655, 35.6487645957798], [140.0981455240813, 35.64880706701123], [140.09797319005176, 35.64861238750671], [140.0978401269607, 35.648701160880485], [140.0977332558521, 35.648766180761804], [140.09768971067373, 35.6487961278175], [140.09751958872752, 35.64891312050185], [140.09739899801608, 35.64900352085685], [140.0972129315248, 35.649141949283496], [140.0970715741111, 35.6492211279618], [140.09693701374337, 35.64926930749699], [140.09683001062325, 35.64929489262465], [140.09665036050865, 35.649286836147034], [140.09642732752494, 35.64921127298478], [140.09638392144143, 35.649430686170476], [140.09635686162312, 35.649602566335936], [140.09630875451205, 35.64967872355454], [140.09611260830857, 35.64990730852737], [140.09605400605173, 35.64994687105195], [140.09595630842594, 35.64999104563673], [140.09553552730088, 35.650181300456836], [140.09549180979718, 35.650201605996735], [140.09548761907323, 35.65022425082201], [140.09548700315622, 35.65022757173575], [140.09548502830808, 35.65023823838862], [140.0955474222262, 35.650308520593576], [140.09559605653752, 35.65039291649888], [140.09569323906712, 35.6505279075756], [140.0957073030235, 35.65060674547788], [140.09568681586606, 35.65068002540398], [140.09560437229422, 35.65081540889709], [140.09548975122897, 35.65096512289488], [140.09514002635956, 35.65102380467459], [140.0948794343297, 35.65111795935828], [140.09497713422243, 35.65125337184741], [140.09499814597436, 35.65134627839936], [140.09501578313473, 35.651456092726974], [140.09503213049976, 35.65169829652971], [140.09504655420554, 35.65202458467368], [140.09484644999625, 35.65204308319527], [140.09483916508182, 35.65201788981531], [140.09463957791422, 35.652082228182124], [140.09447740012513, 35.652136099214644], [140.0945522862084, 35.652319024228035], [140.09446599542034, 35.652341745936724], [140.09454791804671, 35.65257254017329], [140.09450667700264, 35.652631781444676], [140.0944132633528, 35.652586916915666], [140.09424566774328, 35.65256756427628], [140.09392842417395, 35.65274007475361], [140.09376299729053, 35.652855920239475], [140.09375317843268, 35.652892028825256], [140.09372544353633, 35.6529940219812], [140.09366697574302, 35.65307583430813], [140.0936158462118, 35.653284384272126], [140.09360357351147, 35.65346985996473], [140.093167917568, 35.653692413570724], [140.09307442660688, 35.65374381010987], [140.0929177842372, 35.65368372963161], [140.09288224299297, 35.65351927191652], [140.0928174499351, 35.65353367248409], [140.09266613602043, 35.6536790975418], [140.09268347023212, 35.65368990514942], [140.09288669740576, 35.653807804803584], [140.09378580966896, 35.65433336449461], [140.09402713494418, 35.654458679103044], [140.09402914373004, 35.654459731023024], [140.09418808591346, 35.65454279684537], [140.09493415964525, 35.65493270195159], [140.09495171991549, 35.65494629028579], [140.09515229174806, 35.6551012317007], [140.0955385047929, 35.655310273124186], [140.09557333822292, 35.65532913914561], [140.0957716223232, 35.65543648181838], [140.09591861616235, 35.655525697917525], [140.09592302474354, 35.655528399399124], [140.09660785353336, 35.65587864076012], [140.09664000685754, 35.65589511865526], [140.09686724069982, 35.65605559788071], [140.09688146816578, 35.65606570700172], [140.0972083090992, 35.65628856976531], [140.0972630059852, 35.65632584208141], [140.09764507379725, 35.65661516341914], [140.09801950261104, 35.656948055021886], [140.09805271096548, 35.656977557260134], [140.09831723633422, 35.65723840442684], [140.0986588955205, 35.65764027064229], [140.09874817864946, 35.65778319991938], [140.09879974975362, 35.65786572314674], [140.09889498691888, 35.65806655873159], [140.09895407941355, 35.658289690791456], [140.09895858345593, 35.658308237323546], [140.09895928389125, 35.658311086641596], [140.09895606631355, 35.6585109784778], [140.09895061380328, 35.65856454414069], [140.09892078628076, 35.65885772838442], [140.09891343251405, 35.65893006544391], [140.09889317318712, 35.65907094811126], [140.09883503244603, 35.659244306673656], [140.09873586429273, 35.65954169429033], [140.09864359384972, 35.65978582931964], [140.09860745542056, 35.65988139665956], [140.0985469049945, 35.66010898406579], [140.09854143973456, 35.66018480155773], [140.0985262870258, 35.66039563461687], [140.09853902555886, 35.66050327702198], [140.09855203249984, 35.66061317223635], [140.09844046335945, 35.660684576327576], [140.09840298637707, 35.660708566819864], [140.09839013498004, 35.66071609534775], [140.0983486876744, 35.660740375160785], [140.09820547294242, 35.66078012568665], [140.09793062198273, 35.660831221345894], [140.09792932837854, 35.660831436002816], [140.09769805234785, 35.66087560448972], [140.09743158746144, 35.66092527272655], [140.0974305304698, 35.6609254868578], [140.0973416521435, 35.66094469537627], [140.0971085442632, 35.660950841092024], [140.0971025700342, 35.660951205757584], [140.09692982119628, 35.66095757119337], [140.0967339173295, 35.66099391467538], [140.09653360066667, 35.66099435438525], [140.09649416733816, 35.660993983182045], [140.0961570916238, 35.66098954643426], [140.09579871944982, 35.66098399288168], [140.09570807159022, 35.66098912052307], [140.09530919989592, 35.66100689289353], [140.09524703864818, 35.66100984539974], [140.094672209927, 35.66108856058112], [140.09428181899153, 35.6611464498677], [140.0942769238206, 35.661147164706684], [140.09381180964948, 35.66121267941718], [140.09379477596755, 35.661215391776715], [140.09394815977322, 35.661329489376904], [140.09410865594685, 35.66144892388722], [140.09460287552304, 35.66179307866375], [140.09497062219987, 35.661775129357395], [140.09508547528642, 35.66176949223106], [140.09517505232606, 35.661805351484226], [140.09536192733134, 35.661869834376056], [140.09559078609522, 35.661942324524446], [140.09572560629948, 35.66196005704897], [140.09584045214586, 35.66195892496263], [140.0960590491173, 35.661927779224335], [140.0961473132442, 35.661898748539826], [140.09622896362364, 35.66187244398649], [140.09641435230415, 35.66182605360272], [140.0966428430211, 35.661779604634084], [140.09695206974956, 35.66176991229966], [140.09723161073686, 35.66180535311865], [140.09738824591733, 35.66185067584213], [140.09756573665078, 35.66191366186935], [140.09764237779228, 35.66193905603185], [140.09768670869215, 35.661958605486696], [140.09785716300075, 35.66203371981608], [140.09830588898112, 35.66222258144494], [140.09854887248363, 35.6623441518637], [140.09912961562983, 35.662686656231955], [140.09937594983228, 35.66282853355336], [140.09965645472775, 35.66293751968359], [140.09972056541574, 35.66295628566237], [140.10032703034722, 35.6629810991738], [140.1006492091948, 35.663011085901054], [140.10191426955072, 35.66318543867835], [140.10253127349628, 35.6632645816683], [140.1034283718221, 35.663379676248994], [140.1043287925602, 35.66343743285003], [140.10502327974177, 35.66348107248646], [140.10558191073775, 35.663488821131665], [140.1062553975509, 35.66348003935319], [140.10635007709266, 35.663478803630554], [140.10635355038477, 35.66347883094458], [140.10687455181503, 35.66348514566156], [140.10713625693765, 35.66346835175787], [140.10715772398055, 35.66346900701027], [140.1072410467926, 35.66347149294776], [140.10733250071138, 35.663480333233416], [140.10741003810674, 35.66349462860251], [140.1074918732551, 35.663509722283685], [140.10771078991635, 35.66354010236702], [140.1077594526875, 35.66354467242491], [140.10782809692833, 35.66355113608108], [140.10788130300406, 35.66354126082949], [140.1080375612752, 35.66351224283424], [140.1082454397403, 35.663469409917546]]]}, "properties": {"key_code": "12103026001", "name": "千葉市稲毛区宮野木町", "population": 7323, "households_total": 3019, "young_pop": 706, "pop_active": 3212, "senior_labor": 705, "pop_senior": 2235, "family_hh": 982, "senior_hh": 1268, "pop_young": 706, "rate_young": 0.04482685924145047, "rate_active": 0.017301328120523207, "rate_senior": 0.0034355750383685546}}, {"type": "Feature", "geometry": {"type": "Polygon", "coordinates": [[[140.10915760477374, 35.6633970762968], [140.10923132192926, 35.663353985257984], [140.10932062490548, 35.66328945297454], [140.10943256620487, 35.663208531094384], [140.10946789453013, 35.66320630251562], [140.10946949120384, 35.66320619323508], [140.1096362854409, 35.66320436862762], [140.1099017588872, 35.66319858502743], [140.1107358542794, 35.663170371114994], [140.11111788971343, 35.66315308400961], [140.11126694390552, 35.663149783394495], [140.11130807980314, 35.66314887887792], [140.11131979359752, 35.66314864065236], [140.1113050950055, 35.6627498194043], [140.11129313297303, 35.6624249667876], [140.1112772202202, 35.661974742702775], [140.11143829895354, 35.66193050065112], [140.1117635312723, 35.661704620172344], [140.11182797320575, 35.66136631949295], [140.11183038723973, 35.66135360332821], [140.11191221747018, 35.66118969139328], [140.11292689221236, 35.6614066305579], [140.11347909145297, 35.66153400623986], [140.1139918790308, 35.66166731627915], [140.11421191354205, 35.6617220134666], [140.11401044781047, 35.66141549008053], [140.11385076287016, 35.66119893586019], [140.1134904311197, 35.660901196350544], [140.11309557359778, 35.66061202118625], [140.11309172145633, 35.660608897020545], [140.11303213144063, 35.66077191379165], [140.11262336296443, 35.66067346294076], [140.11211423772517, 35.66056059690193], [140.1118129303216, 35.66045897228636], [140.11166946670951, 35.66041835495842], [140.11170836465274, 35.660272075252884], [140.11174367402566, 35.66012288197129], [140.11176139535863, 35.66006435882305], [140.1117611190979, 35.659985419384725], [140.11176435144972, 35.65988601573286], [140.1117462931161, 35.659848031731364], [140.11191436437431, 35.65975701515618], [140.1118172079296, 35.65963442872467], [140.11198876025023, 35.659546643284706], [140.11195854121715, 35.65951048194735], [140.11177677294788, 35.65934214287409], [140.11163726997606, 35.65918782402586], [140.1116185165563, 35.659167093671286], [140.11133841774776, 35.658977679273484], [140.11141648165685, 35.65876113708415], [140.11132832726582, 35.65859645368895], [140.11130408968924, 35.658555490481504], [140.11124838632196, 35.65846143342803], [140.111207072011, 35.65839794024306], [140.1110580436512, 35.658498981962474], [140.11088962850448, 35.658323463296185], [140.11086413706792, 35.65830056476802], [140.10998534504495, 35.6579211920927], [140.1100359125829, 35.65770573590134], [140.1100063426241, 35.657464197020204], [140.10995846115432, 35.65728628775665], [140.11023791516146, 35.657181427518886], [140.1100992624457, 35.65704654103323], [140.11039252317286, 35.65693601528864], [140.1103160966108, 35.656817886836805], [140.110417367102, 35.65676744536245], [140.1105396457917, 35.656672802951725], [140.1104244297481, 35.65656532640774], [140.1105897850092, 35.65643960191073], [140.11048195997128, 35.65633020769247], [140.11073010862384, 35.65616908301382], [140.1106018316283, 35.656034173254554], [140.11086887509748, 35.655842020598236], [140.11079942073323, 35.65573796019087], [140.11065032840747, 35.65557774748049], [140.11028634904926, 35.65521803777287], [140.1100351752305, 35.65501017343083], [140.10991394098625, 35.65491468136264], [140.10979622941363, 35.6548388984026], [140.10951915987985, 35.65463390898686], [140.1092802333259, 35.65447389990198], [140.10924681079223, 35.65444538506765], [140.10897853943874, 35.65428252320585], [140.1087061725681, 35.65411935334557], [140.10867727491762, 35.654102801257125], [140.10824697772557, 35.653859398246354], [140.1080491910723, 35.65374957348608], [140.10796441382968, 35.653710227061104], [140.10773601623563, 35.653592550710655], [140.1073093418913, 35.65337892267037], [140.10722210465264, 35.65332609609602], [140.10713232273494, 35.653285950665506], [140.10707692173293, 35.6532522758044], [140.10696265890903, 35.653168034405866], [140.10645162429446, 35.654381422930264], [140.1063784291093, 35.65455520717979], [140.10617117339416, 35.655062694328], [140.10595694268412, 35.65555611314182], [140.1058384604494, 35.655759188449935], [140.10567023766322, 35.65606377965379], [140.1055775431793, 35.656232995157495], [140.10517531649825, 35.656808524373844], [140.10498954248604, 35.65703428514416], [140.10485540690365, 35.65720922730544], [140.10453541456124, 35.6575873955223], [140.1044286735472, 35.65768622293372], [140.10473726688414, 35.65791400026739], [140.1048965650608, 35.65802631050169], [140.10510089665766, 35.65817513647384], [140.10519786119173, 35.65824533596378], [140.1053017670829, 35.65832678668156], [140.10581097098103, 35.65872842879394], [140.10599109740977, 35.658868857846265], [140.10625968802518, 35.659116122355236], [140.10643846533608, 35.65928468612283], [140.1064856704374, 35.65931771141992], [140.10656975622558, 35.659374558919325], [140.10723020987632, 35.65983834744602], [140.10735852111156, 35.65991431842794], [140.10763939998847, 35.66005067777312], [140.10796882459107, 35.66018924873861], [140.10812874674232, 35.66027993401425], [140.10817560143073, 35.660361442264744], [140.10745723902247, 35.66057430520007], [140.10718800777857, 35.66064537340553], [140.10689817209047, 35.66074743703026], [140.10678936339383, 35.66075331830988], [140.10665589918847, 35.660760136935075], [140.10661664582332, 35.66076212646116], [140.10646107223877, 35.660731531238376], [140.10628202433475, 35.66068120145954], [140.10595427131832, 35.660772046754644], [140.10582187218944, 35.66081910532006], [140.10570740889597, 35.660874925977346], [140.10562521387155, 35.66093651759372], [140.1055895444761, 35.66097751126233], [140.10543221797252, 35.661071454999124], [140.10517463962148, 35.661183124012396], [140.10505323273713, 35.66130328685137], [140.1054057425963, 35.66171475662301], [140.10560974551095, 35.66164996617513], [140.10588527870888, 35.66155286681803], [140.10621082738754, 35.66140886101789], [140.106412436664, 35.66169785992518], [140.10728173331734, 35.66131575895889], [140.10751430214367, 35.66122167684803], [140.10783640501143, 35.66112446677045], [140.10796591140183, 35.66108385648697], [140.10798425526883, 35.66114219121565], [140.1085715710997, 35.6629984731911], [140.10850929369272, 35.66301171280179], [140.10861445772477, 35.66337402663994], [140.10868559377175, 35.663358863691094], [140.1087021273727, 35.66341111328732], [140.10870706618556, 35.663410925365056], [140.10884140910272, 35.663407201927654], [140.1089139275264, 35.663405239309775], [140.10906712330274, 35.663401050394725], [140.10915760477374, 35.6633970762968]]]}, "properties": {"key_code": "12103026002", "name": "千葉市稲毛区宮野木町", "population": 4468, "households_total": 1640, "young_pop": 614, "pop_active": 1934, "senior_labor": 359, "pop_senior": 1268, "family_hh": 710, "senior_hh": 671, "pop_young": 614, "rate_young": 0.08785914010842677, "rate_active": 0.006968579782618223, "rate_senior": -0.0018820710621965109}}, {"type": "Feature", "geometry": {"type": "Polygon", "coordinates": [[[140.10749094592572, 35.62332945988287], [140.10673212676468, 35.623158178946795], [140.10557946856576, 35.62288823595438], [140.1044907533868, 35.62262109604503], [140.1043748928031, 35.6225909677223], [140.1042902861222, 35.62257126273087], [140.10410108268636, 35.622880839175664], [140.10356538950205, 35.62261944012183], [140.1032096682653, 35.62298708817386], [140.10329344276678, 35.62307379608636], [140.10314044334382, 35.623261473649954], [140.10301439119075, 35.623188905368174], [140.10285772905905, 35.6233508164377], [140.1024622911879, 35.62375949808409], [140.10211165640973, 35.62412188750864], [140.10196607261616, 35.624258531206486], [140.10136648939525, 35.62492185546238], [140.10055388655033, 35.62600271702504], [140.10098346979265, 35.62619404852196], [140.1005697203736, 35.62679435372532], [140.10045662783503, 35.626958436084024], [140.09997623630937, 35.62760882312152], [140.09959148253034, 35.62815225050511], [140.09908962779465, 35.628850076938086], [140.09874307699226, 35.629370855823275], [140.09847620590332, 35.62983544452244], [140.09859132022797, 35.630067252080515], [140.0991094741484, 35.630542493227125], [140.09949408055311, 35.63085771756801], [140.10024383674184, 35.6314898253638], [140.10169131631912, 35.63268653610574], [140.1022187299088, 35.63306470303859], [140.10224229488932, 35.633082432093424], [140.10345474090707, 35.63207744857898], [140.10378278216766, 35.63167556236984], [140.10400934762976, 35.63137565127755], [140.1044549393808, 35.63079330956481], [140.10468280287165, 35.63050063197576], [140.10494888751754, 35.63015885826836], [140.10522531740733, 35.629820670089096], [140.10549766197067, 35.629448410762514], [140.10574344996078, 35.62913505026744], [140.10654113866792, 35.628118047004705], [140.10677508052808, 35.62780076285981], [140.10716213792213, 35.627203128710214], [140.1073430757406, 35.626911380843666], [140.10748690149342, 35.62588845668528], [140.1075645601051, 35.62536154329191], [140.1075745596385, 35.62525734189298], [140.10756421043567, 35.624744743751464], [140.1075570737044, 35.62467430949702], [140.1075707770926, 35.62413349146102], [140.10751619234813, 35.623335142822036], [140.10749094592572, 35.62332945988287]]]}, "properties": {"key_code": "121030270", "name": "千葉市稲毛区弥生町", "population": 611, "households_total": 406, "young_pop": 143, "pop_active": 205, "senior_labor": 50, "pop_senior": 118, "family_hh": 54, "senior_hh": 66, "pop_young": 143, "rate_young": -0.017251730343853966, "rate_active": -0.09570353617929594, "rate_senior": -0.027994729541583885}}, {"type": "Feature", "geometry": {"type": "Polygon", "coordinates": [[[140.1409669843007, 35.659089224790584], [140.14272195095577, 35.65873691383462], [140.1432645778716, 35.65879750513569], [140.14346157630897, 35.6588139053306], [140.1440936351319, 35.65885071167079], [140.14489946957983, 35.65891728086368], [140.14543164575005, 35.658952539308856], [140.14558711381522, 35.65895214242637], [140.14616402772992, 35.65894221821632], [140.1462434556806, 35.65893638186341], [140.1465370385878, 35.65891591431735], [140.1471890106233, 35.65887808446219], [140.14733066284833, 35.65888106528143], [140.14758462569213, 35.6588916787719], [140.14772973974655, 35.658896938667546], [140.1478915294048, 35.65890800037095], [140.14789767168992, 35.65855007007688], [140.14825460908278, 35.65839424052946], [140.14936163133976, 35.65790412076511], [140.14980136170135, 35.65771145837582], [140.15028680178048, 35.657513712088075], [140.15034802662706, 35.65748753596175], [140.14987966166473, 35.65698458696009], [140.1491474849968, 35.65632842588858], [140.14798599966971, 35.655263941149386], [140.14781309536068, 35.65522213666683], [140.1473863187265, 35.65488285039435], [140.14676982954074, 35.65434604165544], [140.14669724463684, 35.65433496074993], [140.14533154944033, 35.654215000766015], [140.1450500444731, 35.654192760233414], [140.14484775088232, 35.65417679743306], [140.14408400117574, 35.65411113235408], [140.14366326281132, 35.65407459421406], [140.1435483571004, 35.65406460489439], [140.14224983049252, 35.653958344940385], [140.14221271823678, 35.65395530419663], [140.1412502806361, 35.65386758768168], [140.14101659363916, 35.65329076874738], [140.13991818444276, 35.65333294394264], [140.13991682008873, 35.65359478672044], [140.13987267400137, 35.653602994535035], [140.13976575248688, 35.65362695577928], [140.13965309738992, 35.65365223445832], [140.13954782952248, 35.653680099469604], [140.13950192904124, 35.65369225424585], [140.13945373742118, 35.65370304216106], [140.13926686837453, 35.65374860831407], [140.13869734732978, 35.65387251234917], [140.13850106845308, 35.6539164812911], [140.13821436480987, 35.65399524774851], [140.13795162342237, 35.654067441361086], [140.13792938737194, 35.654287862826166], [140.13790140727127, 35.65452942214011], [140.13653266683406, 35.65494882475513], [140.13561019738788, 35.65522962840538], [140.13561302377656, 35.655235607363316], [140.13564131422723, 35.6552951097036], [140.13581378268145, 35.65565803164612], [140.13588186863436, 35.655801300700546], [140.13588501997046, 35.65580745433234], [140.1358698890968, 35.655822032536264], [140.13572783181715, 35.655955821557114], [140.13561902659546, 35.65601323169918], [140.13554595981122, 35.65605178842588], [140.13554192675272, 35.65605183356702], [140.13551064689167, 35.656052122400716], [140.1352886411388, 35.65605421807307], [140.13497302254103, 35.65587743943965], [140.13496986628445, 35.65587565158475], [140.1342064903639, 35.65611458176138], [140.13392898730416, 35.656213527599974], [140.13351163452697, 35.656362353589124], [140.13330049851405, 35.65642582215172], [140.13327884483152, 35.65643231763643], [140.13310981775777, 35.65596555279643], [140.1330567617267, 35.65581903933204], [140.13305229888422, 35.655808241285335], [140.1329485775016, 35.65554351740491], [140.1330516767949, 35.655569425115], [140.1334745993722, 35.655627859793114], [140.13370995878745, 35.655656119446654], [140.13388111966216, 35.65564939904309], [140.13423540352508, 35.65558811445882], [140.13423167646283, 35.65547545861577], [140.13401770603875, 35.65555259547325], [140.13350620537946, 35.655515116249525], [140.13335908275386, 35.65544967088538], [140.13319236964992, 35.65546898635821], [140.1330640335918, 35.6554089156774], [140.13306347262335, 35.65540888183754], [140.1329070859771, 35.65540359633804], [140.13271117681967, 35.65539720654734], [140.13271057338432, 35.65539717280924], [140.13242174815596, 35.65516504398152], [140.13235309686164, 35.655109862945935], [140.1323527298974, 35.655109793421914], [140.1318977512239, 35.65504414478389], [140.13168025166547, 35.65508942380925], [140.13167576844066, 35.65509034955842], [140.1312397800298, 35.6551817165812], [140.13105400387087, 35.65528328488044], [140.13088377287758, 35.655376366426474], [140.13017842434306, 35.655472712781595], [140.1294392230817, 35.65567729793702], [140.1290553201306, 35.65564671134874], [140.1290547591599, 35.65564667694008], [140.12868162475226, 35.65536822732934], [140.12844310752803, 35.65528482736443], [140.12810191952752, 35.65546947156961], [140.1283025669565, 35.65579361494241], [140.12875324535537, 35.656313726021814], [140.1301888048293, 35.657986788966824], [140.13067996290442, 35.65771519655102], [140.13246247168775, 35.66031697749749], [140.13283996329645, 35.66080826401445], [140.13408935212888, 35.66053782176535], [140.13459165843685, 35.66043902228298], [140.13580788816313, 35.66018033662769], [140.13585381690544, 35.660169554909665], [140.13629819762983, 35.660074765587886], [140.13641993526167, 35.6600509976295], [140.13728834987893, 35.65988144496255], [140.13811812901116, 35.65969372841741], [140.13887968050594, 35.65953103300757], [140.1409669843007, 35.659089224790584]]]}, "properties": {"key_code": "121030280", "name": "千葉市稲毛区六方町", "population": 1288, "households_total": 595, "young_pop": 122, "pop_active": 529, "senior_labor": 182, "pop_senior": 508, "family_hh": 127, "senior_hh": 286, "pop_young": 122, "rate_young": 0.01013720758985226, "rate_active": -0.0134301294026542, "rate_senior": 0.001582286397623145}}, {"type": "Feature", "geometry": {"type": "Polygon", "coordinates": [[[140.11790536643414, 35.62998245318956], [140.11843718869707, 35.62949114310822], [140.118818781388, 35.62899173175284], [140.11894949243577, 35.62884215222196], [140.11904283424445, 35.628872916924344], [140.11907746254607, 35.628903818120115], [140.11933478832253, 35.62891730190279], [140.11938617276013, 35.62879888846984], [140.11963285024237, 35.628230785010764], [140.11931499863735, 35.628186460186086], [140.11877579834973, 35.62803843650847], [140.11857354092115, 35.62796849228194], [140.1185095763293, 35.627946108289045], [140.11781838347827, 35.62777871634844], [140.11755711250274, 35.62762159367064], [140.1174446409155, 35.6275514397603], [140.11728346072633, 35.62743115793669], [140.11666903135736, 35.626993192098936], [140.11637863964023, 35.626844125111724], [140.11575079405756, 35.62652212052865], [140.1155034653273, 35.62639875887593], [140.1149776866787, 35.626175096139875], [140.1147923829891, 35.626502240988636], [140.11466113221897, 35.62674127931094], [140.1145084527832, 35.62701905909569], [140.1143094020364, 35.62736876766752], [140.11414642373606, 35.62766206250937], [140.11390450438319, 35.628093513948855], [140.11382299134038, 35.62823664175354], [140.11379378555236, 35.62827754743647], [140.11373890352326, 35.62838188540509], [140.11363454036584, 35.628651140365434], [140.11345938753618, 35.62909424363276], [140.11332309044224, 35.62943904503469], [140.11310337907412, 35.630055669775594], [140.1130965762411, 35.63008388616048], [140.11403657271532, 35.63012469218499], [140.114416465154, 35.63014554525986], [140.1150123193023, 35.63017797745902], [140.11537495666204, 35.63019122712305], [140.11558385153842, 35.630197189581246], [140.11582742423778, 35.630223984678096], [140.11674261276065, 35.63027398034252], [140.11681306914716, 35.630183688319185], [140.11704364556928, 35.62987389959646], [140.11725480067992, 35.630085355509166], [140.1173207322514, 35.63017814854677], [140.1175455255282, 35.6302733900592], [140.11790536643414, 35.62998245318956]]]}, "properties": {"key_code": "12103029001", "name": "千葉市稲毛区作草部一丁目", "population": 1848, "households_total": 875, "young_pop": 166, "pop_active": 768, "senior_labor": 187, "pop_senior": 633, "family_hh": 216, "senior_hh": 400, "pop_young": 166, "rate_young": 0.0204773406453429, "rate_active": -0.009366368585042806, "rate_senior": -0.01537803080600475}}, {"type": "Feature", "geometry": {"type": "Polygon", "coordinates": [[[140.11627697984903, 35.62516769907425], [140.11600161849168, 35.6251503405524], [140.1154085942023, 35.625159196806976], [140.1151218966419, 35.62585483905466], [140.11498712450202, 35.626154161036965], [140.1149776866787, 35.626175096139875], [140.1155034653273, 35.62639875887593], [140.11575079405756, 35.62652212052865], [140.11637863964023, 35.626844125111724], [140.11666903135736, 35.626993192098936], [140.11728346072633, 35.62743115793669], [140.1174446409155, 35.6275514397603], [140.11755711250274, 35.62762159367064], [140.11781838347827, 35.62777871634844], [140.1185095763293, 35.627946108289045], [140.11862971468634, 35.62773177243311], [140.1186946650073, 35.62754572999627], [140.1187428889513, 35.62751181962062], [140.1188442374927, 35.62746979401496], [140.1188827681831, 35.627126086576425], [140.11894446586905, 35.62699074943157], [140.11903740663985, 35.62684970668355], [140.1191250377658, 35.62678190627844], [140.11923356288227, 35.62671405730434], [140.1194041352615, 35.62660663254312], [140.1195429710347, 35.62625705912484], [140.1196798605866, 35.62595537137085], [140.11976900022603, 35.62576927265391], [140.11988585607088, 35.625616907904416], [140.12011302561592, 35.62539668954408], [140.1195176263142, 35.62536191761019], [140.11877503928065, 35.62531857524557], [140.11866798940093, 35.62531319005887], [140.11707922804072, 35.62521827872315], [140.11675053405904, 35.62519755813487], [140.11659771498233, 35.62518791007612], [140.11627697984903, 35.62516769907425]]]}, "properties": {"key_code": "12103029002", "name": "千葉市稲毛区作草部二丁目", "population": 491, "households_total": 224, "young_pop": 58, "pop_active": 235, "senior_labor": 53, "pop_senior": 140, "family_hh": 61, "senior_hh": 80, "pop_young": 58, "rate_young": -0.022531147294161724, "rate_active": 0.005186103638979089, "rate_senior": 0.016500660281270507}}]}